0.838466 , -1.79525 , 5.03061
1.0325 , -3.15196 , 7.34104
0.889626 , -1.09455 , 3.32055
0.892063 , -1.21771 , 3.53642
0.849375 , -1.40695 , 3.59288
0.884124 , -0.828249 , 2.49315
0.909498 , -0.988542 , 3.37024
0.91113 , -1.41835 , 3.17971
0.900927 , -0.995185 , 2.14836
0.913132 , -1.13893 , 3.23034
0.900688 , -1.09598 , 3.34081
0.429296 , -0.193552 , 0.587234
0.956288 , -0.721891 , 2.21488
0.911348 , -1.41466 , 3.18986
0.895935 , -1.98212 , 5.50576
0.889769 , -3.37348 , 7.28063
-2.47509 , -10.5732 , 21.637
-9.16544 , -25.9107 , 55.6089
0.874032 , -1.2235 , 3.4981
0.831693 , -2.1143 , 4.81412
0.920031 , -1.11254 , 3.28975
0.911184 , -1.17027 , 3.48522
0.971817 , -0.758161 , 2.46108
0.897241 , -0.990713 , 3.22567
0.935906 , -1.012 , 3.33009
0.907031 , -0.725391 , 1.71608
0.885605 , -1.35685 , 3.25286
0.766709 , -1.68872 , 4.26103
0.996762 , -0.931535 , 2.83533
0.904492 , -1.00484 , 3.41568
0.849598 , -1.98177 , 3.66199
0.900403 , -1.04319 , 3.23639
0.832943 , -1.03157 , 3.12318
0.840641 , -1.03676 , 3.15163
0.909165 , -1.40328 , 3.3961
0.844548 , -2.12147 , 5.23933
0.904802 , -2.18428 , 4.38186
0.89408 , -2.24709 , 5.10099
0.829006 , -2.10743 , 4.36495
0.850418 , -1.82168 , 3.9778
0.777623 , -0.759166 , 2.2779
0.994251 , -1.59623 , 3.06301
0.89297 , -1.09073 , 3.32814
0.860246 , -1.41417 , 3.6237
0.878537 , -1.57335 , 3.41109
0.908864 , -1.09944 , 3.36328
0.87522 , -1.12733 , 3.33725
0.900736 , -1.86631 , 5.35629
0.851534 , -1.50752 , 3.26128
0.872155 , -1.82026 , 3.99076
0.834997 , -0.881555 , 2.55632
1.21532 , -3.13314 , 6.98404
0.996215 , -1.23001 , 2.71139
0.8672 , -1.27114 , 3.0252
0.873273 , -1.00237 , 3.33656
0.7847 , -1.371 , 2.85666
0.840644 , -0.885364 , 2.53832
0.882888 , -2.10979 , 4.37039
1.12459 , -2.30998 , 5.20791
1.08827 , -1.79965 , 4.88573
0.904893 , -1.17287 , 3.47427
0.960879 , -2.16947 , 4.08157
0.837689 , -1.4589 , 2.77039
0.669447 , -1.34059 , 2.73776
0.843131 , -1.50338 , 3.3693
0.668694 , -1.34231 , 2.74214
0.709524 , -1.18961 , 2.95706
0.721265 , -1.19558 , 2.98373
0.72969 , -1.11362 , 3.05662
0.741256 , -1.11666 , 3.08217
0.731119 , -1.4582 , 3.09316
0.940946 , -1.87173 , 4.1477
0.635598 , -1.50688 , 3.09147
0.748988 , -1.3796 , 3.55162
0.7751 , -1.70698 , 3.80573
0.785411 , -1.53275 , 3.82643
0.826323 , -1.5805 , 4.14112
1.25545 , -3.17366 , 7.12268
1.15497 , -2.94501 , 6.52385
1.32177 , -3.253 , 7.93106
0.913314 , -3.63182 , 7.2827
0.919885 , -1.90584 , 4.87141
0.78519 , -1.37024 , 3.22302
0.927868 , -1.59765 , 4.22237
0.712417 , -1.09832 , 2.84407
0.88075 , -2.06895 , 4.55957
1.40515 , -3.58774 , 6.95409
1.12162 , -2.93269 , 7.35087
1.18212 , -3.16531 , 6.44001
0.702011 , -1.164 , 2.89278
0.719359 , -1.37304 , 3.01323
0.841947 , -2.24096 , 4.49494
0.915553 , -1.98251 , 5.13725
1.22723 , -2.99286 , 6.63994
1.02298 , -2.87104 , 5.89043
0.9172 , -2.02455 , 5.54255
0.797869 , -1.39724 , 3.49935
0.730041 , -1.37675 , 3.02934
0.90181 , -1.92047 , 5.06555
0.873253 , -2.18662 , 4.70326
1.28753 , -3.10153 , 7.35998
1.15737 , -3.13436 , 6.38166
0.899688 , -2.03643 , 5.28691
0.886556 , -1.81209 , 5.16152
0.452675 , -1.52124 , 2.93114
0.795342 , -1.66026 , 4.2451
0.877533 , -1.88059 , 5.12078
0.8352 , -2.0597 , 4.91639
0.688057 , -1.42505 , 3.37157
1.16018 , -3.10464 , 7.37162
0.706983 , -1.57418 , 3.77533
0.905524 , -2.069 , 5.05812
0.878931 , -2.06629 , 5.03733
1.30362 , -3.12585 , 7.4361
1.49223 , -3.55714 , 7.38874
0.802694 , -2.06035 , 4.37477
0.805687 , -2.06128 , 4.38288
0.911281 , -2.24348 , 5.08883
0.891252 , -2.03624 , 5.40339
0.707945 , -1.86446 , 3.88938
0.835293 , -1.70815 , 4.40667
0.791377 , -2.19572 , 4.3943
0.678023 , -1.59019 , 3.74026
0.89348 , -1.9223 , 5.03934
0.816227 , -1.79371 , 4.54128
0.932009 , -2.28487 , 5.2208
1.26414 , -3.13496 , 7.88399
1.17881 , -4.26504 , 9.12156
0.812659 , -1.76824 , 4.50448
0.89943 , -1.89412 , 4.83479
0.902223 , -2.13161 , 5.14486
0.814703 , -2.11122 , 4.35114
0.886852 , -1.87284 , 5.16645
0.944354 , -2.41262 , 5.28025
0.908086 , -2.16545 , 5.43163
1.44924 , -2.9557 , 7.09798
1.1638 , -3.08511 , 6.85425
0.890496 , -2.18306 , 5.36808
0.864943 , -2.24687 , 5.00403
0.878291 , -2.13019 , 5.14019
0.824882 , -1.89694 , 4.67799
0.826534 , -1.89861 , 4.68082
0.857872 , -2.1886 , 4.68049
2.13767 , -3.36626 , 7.45775
0.807328 , -2.22446 , 4.45575
0.814505 , -2.04045 , 4.52373
0.821735 , -2.01743 , 4.56902
0.801179 , -2.09623 , 4.43097
0.836523 , -2.13758 , 4.59599
0.877999 , -2.06331 , 4.98769
0.9072 , -2.25701 , 5.04111
0.890026 , -2.06658 , 5.01314
0.831284 , -1.85607 , 4.69284
0.878068 , -2.20116 , 4.75607
0.862101 , -1.88016 , 5.05873
0.942272 , -2.38575 , 5.35582
1.26301 , -3.21639 , 7.76885
1.29146 , -3.35307 , 6.96419
1.46689 , -3.82632 , 7.61385
0.907813 , -2.25335 , 5.03939
1.45859 , -3.54988 , 7.26464
2.25557 , -4.12084 , 8.70524
1.25618 , -3.30296 , 6.7831
0.767502 , -2.34696 , 5.10186
1.18997 , -3.21012 , 7.56514
0.735201 , -2.13559 , 4.91957
0.76894 , -2.28985 , 4.98974
1.13265 , -3.4424 , 8.0527
1.38781 , -3.17695 , 7.66281
2.16687 , -3.04616 , 7.49288
0.736824 , -2.14203 , 4.89339
0.748159 , -2.14317 , 4.9371
1.34369 , -3.48382 , 7.95342
1.13025 , -3.67124 , 7.75964
1.2776 , -4.12496 , 8.48561
0.714021 , -2.31852 , 4.71502
0.805027 , -2.31599 , 5.1336
1.42551 , -4.61767 , 10.0696
1.30675 , -3.92852 , 9.46816
1.05397 , -5.35238 , 12.0589
1.50161 , -3.26024 , 7.53946
1.42489 , -4.38224 , 10.2501
1.24102 , -5.21164 , 11.5351
1.1214 , -2.88731 , 6.83742
1.64531 , -3.67432 , 7.7206
1.24384 , -4.22878 , 8.66677
1.24263 , -5.4385 , 11.7822
1.40732 , -4.3674 , 10.2124
1.35851 , -4.33194 , 8.91823
1.70947 , -5.53585 , 11.4402
1.47419 , -3.98856 , 9.78027
1.6507 , -4.12586 , 10.3815
1.14444 , -4.20829 , 8.94586
1.23778 , -4.3249 , 9.51485
1.83214 , -3.92515 , 7.94128
1.00265 , -5.24672 , 12.0695
1.41999 , -4.4003 , 10.3309
1.19076 , -3.27312 , 7.66667
1.5486 , -4.52478 , 9.69888
1.47032 , -3.49007 , 7.78542
1.30674 , -3.14398 , 7.99277
1.62362 , -5.0614 , 11.6181
0.974884 , -5.17629 , 12.0873
1.05733 , -5.1906 , 10.6382
-1.69672 , -9.34183 , 16.4488
1.3275 , -5.03862 , 11.0737
1.37091 , -4.90124 , 11.0056
0.996961 , -5.27558 , 11.6063
1.4358 , -4.43328 , 10.1539
1.23097 , -5.29622 , 11.7703
1.02386 , -5.09608 , 12.0187
1.18086 , -6.57974 , 13.423
1.24468 , -4.49332 , 9.79009
1.0146 , -6.18539 , 13.7269
0.999638 , -6.17911 , 13.8572
1.1189 , -5.63771 , 12.1215
1.20608 , -4.4434 , 9.45084
1.20736 , -5.33668 , 11.7185
1.83418 , -5.5095 , 11.5001
1.02227 , -6.26405 , 13.486
1.07719 , -6.3918 , 13.8608
1.22554 , -5.27754 , 11.646
1.02711 , -4.1506 , 9.10326
0.998071 , -6.36569 , 13.88
1.09066 , -5.60371 , 11.3832
1.10238 , -5.50852 , 12.1901
1.05249 , -5.34366 , 12.0515
1.3935 , -4.14042 , 9.99258
1.47702 , -6.88038 , 13.5595
1.07325 , -4.33782 , 9.32955
1.07899 , -5.38122 , 12.1758
1.45435 , -5.58433 , 11.7767
1.00591 , -5.25802 , 12.1695
1.05863 , -5.35616 , 12.0682
2.01538 , -5.04274 , 11.5549
1.26292 , -5.90884 , 12.1726
-2.37973 , -9.69913 , 18.9442
-2.23984 , -9.00086 , 15.3748
1.5542 , -5.94081 , 11.9058
-1.74636 , -8.79822 , 15.7457
1.09924 , -6.6131 , 13.8693
-6.27291 , -16.0007 , 25.4394
2.26828 , -6.00102 , 12.8301
1.04687 , -5.26744 , 11.2734
1.0719 , -5.63303 , 12.4033
1.14649 , -6.12981 , 12.5277
-1.94826 , -9.25796 , 16.2855
1.04641 , -5.27195 , 11.281
1.00887 , -5.24719 , 12.0517
1.4682 , -6.4526 , 12.6462
1.21265 , -5.85507 , 12.0097
1.06902 , -6.36744 , 13.7685
1.42451 , -6.45105 , 12.6294
1.15044 , -5.78813 , 11.587
1.18592 , -5.31258 , 11.9012
1.08441 , -5.48584 , 12.0921
1.19424 , -6.18729 , 12.7051
-2.57104 , -9.73048 , 16.8173
1.21762 , -7.30596 , 15.3822
-1.62472 , -8.8816 , 15.7079
1.35596 , -5.56681 , 13.7861
1.12268 , -5.51731 , 12.2514
1.01195 , -5.04188 , 10.6554
1.03212 , -6.2802 , 13.663
1.11837 , -6.1059 , 12.4586
1.12321 , -5.63141 , 11.8041
-2.09554 , -8.8474 , 14.7847
1.08754 , -5.37826 , 11.3987
1.09324 , -5.63538 , 11.567
3.12257 , -6.60318 , 14.6907
1.4561 , -6.27884 , 12.3345
1.06518 , -5.59548 , 11.9106
0.958798 , -5.20523 , 12.037
1.15644 , -6.16068 , 12.606
1.19443 , -5.69694 , 11.821
1.03567 , -5.49015 , 11.9172
-2.74468 , -9.62891 , 16.0807
1.40035 , -7.65881 , 15.2056
0.839741 , -5.39017 , 11.5074
0.883702 , -5.47658 , 11.7265
1.09083 , -6.50879 , 13.7268
0.85123 , -6.12286 , 12.0275
0.888807 , -6.13202 , 12.2446
0.863285 , -5.84737 , 12.3046
1.07733 , -6.39836 , 13.84
1.03132 , -6.34489 , 13.6934
2.08195 , -7.63382 , 15.6538
-2.37995 , -10.6098 , 19.9655
0.865844 , -6.05617 , 11.9304
0.886173 , -6.12606 , 11.9572
-1.59624 , -8.67548 , 15.5407
-2.33814 , -9.25447 , 17.8841
1.01937 , -5.35152 , 11.9338
1.07335 , -5.64013 , 12.4189
1.0831 , -5.76815 , 11.756
1.17384 , -6.20564 , 12.7925
1.30363 , -6.23402 , 12.6504
1.09063 , -5.6848 , 11.8434
0.98706 , -5.44624 , 11.9604
1.28041 , -5.216 , 11.6105
1.11524 , -5.51451 , 11.7691
1.01873 , -5.31436 , 11.9028
1.00788 , -5.3457 , 11.8914
-1.60602 , -10.0426 , 16.6378
1.2645 , -7.11259 , 14.992
0.999018 , -5.42946 , 11.8859
1.03152 , -5.60351 , 11.8726
-1.97033 , -10.608 , 18.663
1.02443 , -5.60009 , 11.8489
1.27502 , -6.5817 , 13.5121
-1.68904 , -8.29258 , 15.8816
-2.10955 , -9.85517 , 18.2696
-1.82789 , -9.79611 , 16.7553
1.06896 , -5.6335 , 12.0224
-3.13817 , -11.1961 , 18.5313
1.07886 , -5.50799 , 12.4033
-1.99775 , -9.41592 , 16.277
-2.34937 , -10.7685 , 18.5409
1.22715 , -6.62474 , 13.5473
0.890953 , -5.4235 , 11.6102
0.925263 , -5.63158 , 11.5539
0.933471 , -5.63235 , 11.5796
0.928115 , -5.63695 , 11.6892
1.03405 , -5.79303 , 12.644
1.03768 , -6.07825 , 12.3568
1.11458 , -6.55429 , 13.1945
-2.88302 , -10.944 , 18.7542
0.997011 , -5.67129 , 11.6441
0.932713 , -5.4913 , 11.6993
1.04482 , -5.42935 , 12.0059
0.869351 , -5.36265 , 11.5418
0.940057 , -5.46303 , 11.8675
3.44846 , -16.0155 , 34.4474
3.5874 , -15.985 , 35.6061
3.61394 , -16.0249 , 35.7304
3.83746 , -16.3608 , 36.1468
1.56867 , -20.0564 , 40.3139
3.81821 , -16.3671 , 36.2993
4.13277 , -16.7455 , 38.2892
2.41309 , -24.8891 , 48.3108
2.54017 , -21.3285 , 43.9165
3.33863 , -15.8337 , 34.843
3.99955 , -16.935 , 38.9745
4.4339 , -17.5485 , 38.773
4.51692 , -17.7405 , 40.9213
3.80081 , -16.2291 , 35.8524
4.08993 , -16.6482 , 37.5141
4.67774 , -17.0334 , 38.0457
4.08143 , -15.8975 , 37.9063
3.8511 , -16.5031 , 36.3017
4.42698 , -17.555 , 38.7798
-2.59971 , -9.5795 , 15.6065
-2.00764 , -9.36038 , 16.1707
0.873041 , -5.47895 , 11.5557
0.928849 , -5.59572 , 11.9808
1.01427 , -6.38447 , 13.5694
-1.36537 , -8.924 , 15.2793
1.32399 , -7.63565 , 15.0846
1.15879 , -6.55998 , 13.2959
1.13675 , -6.62931 , 13.8991
0.993353 , -6.1743 , 13.8284
1.07154 , -6.54483 , 13.9199
0.937499 , -5.62463 , 12.0438
0.995134 , -5.82183 , 12.5942
1.00946 , -5.82892 , 12.6515
1.10699 , -6.54603 , 13.1706
1.09182 , -6.58466 , 13.8043
1.06975 , -6.38261 , 13.833
0.90526 , -5.67727 , 11.7227
0.927011 , -5.63059 , 12.0218
1.22146 , -6.717 , 14.0402
-4.29312 , -14.5004 , 23.9735
1.28089 , -7.53934 , 15.3973
-1.15142 , -8.78425 , 15.616
1.44429 , -7.77396 , 15.3541
0.840095 , -5.52015 , 11.6837
0.916141 , -5.80854 , 11.6023
1.00134 , -5.79655 , 12.5602
-7.08596 , -17.8039 , 28.9113
1.11118 , -6.99774 , 15.3624
1.29689 , -6.49007 , 13.1315
1.54688 , -6.69609 , 13.7966
-1.3124 , -9.44032 , 15.7005
-2.06292 , -9.79204 , 18.2072
1.00917 , -6.27769 , 13.5852
1.36377 , -7.5327 , 15.4871
1.2866 , -7.70283 , 16.8409
1.10675 , -6.53485 , 13.0628
1.26167 , -7.74312 , 15.9435
-2.29355 , -11.3254 , 20.3144
1.14362 , -6.48322 , 13.2499
1.12653 , -6.62307 , 13.84
-2.2063 , -9.26911 , 15.017
1.59054 , -8.33105 , 16.5022
-2.04585 , -8.96028 , 14.96
-2.12419 , -9.15041 , 14.8726
-1.67276 , -8.83597 , 15.2695
1.03265 , -6.52563 , 13.8441
1.30773 , -7.12104 , 15.0686
1.23383 , -7.87793 , 17.079
0.927574 , -5.84339 , 12.4593
1.0093 , -5.95332 , 13.0649
-7.05606 , -24.1184 , 36.1606
0.960611 , -6.16104 , 13.6897
-2.03525 , -8.98326 , 16.8987
1.26936 , -6.09736 , 13.8299
1.02019 , -6.28375 , 12.5626
1.06088 , -6.50646 , 12.9513
1.02903 , -6.2843 , 13.6533
0.857645 , -5.94029 , 12.4537
0.917306 , -6.00692 , 12.7511
0.937923 , -6.00945 , 12.9424
0.977747 , -6.1468 , 13.1948
1.12937 , -7.01338 , 15.4374
1.23234 , -7.7731 , 15.6568
1.4856 , -7.78339 , 15.5039
0.935043 , -6.13611 , 13.0563
0.973668 , -6.144 , 13.1782
0.955852 , -6.10234 , 13.1501
1.04085 , -6.38459 , 13.6934
-3.16037 , -10.0675 , 18.9725
-3.1116 , -11.5079 , 21.099
0.935492 , -6.08063 , 13.0687
1.2707 , -18.8493 , 37.2679
3.81317 , -16.5855 , 36.6453
2.07972 , -19.3291 , 39.86
1.62013 , -18.4033 , 35.3772
1.31837 , -7.8919 , 17.5813
-1.35829 , -26.6011 , 49.3835
1.81429 , -19.0169 , 38.6423
3.21485 , -15.4566 , 34.7982
2.88977 , -14.8268 , 32.0293
3.39766 , -15.4832 , 34.066
-3.5513 , -10.6774 , 19.8159
0.925782 , -6.22367 , 13.6233
1.2782 , -7.69154 , 16.786
0.929629 , -6.18202 , 13.4414
0.926892 , -6.28274 , 13.3536
0.994755 , -6.46091 , 13.4016
1.18806 , -6.96039 , 14.7489
1.22068 , -7.30194 , 15.8923
0.864972 , -6.14848 , 12.9696
0.888703 , -6.18457 , 13.3133
1.66517 , -7.67094 , 16.1091
-1.81069 , -8.82569 , 14.5459
-2.00856 , -10.6889 , 18.7898
1.2761 , -7.6929 , 16.7805
-3.66689 , -12.0452 , 21.7046
1.65432 , -7.38647 , 15.5461
-1.75104 , -8.39843 , 14.7534
1.43214 , -8.31797 , 16.9954
0.876158 , -6.50879 , 13.4542
-7.73992 , -21.94 , 33.9681
1.29647 , -8.09414 , 16.9385
0.828514 , -6.44579 , 13.2526
1.22524 , -7.51186 , 15.1822
1.4933 , -8.36236 , 17.201
1.45691 , -7.03685 , 15.0859
1.1745 , -7.1278 , 15.4126
1.74569 , -6.86539 , 15.0713
1.10389 , -6.9168 , 15.401
1.88607 , -7.78096 , 15.8937
1.09417 , -7.1752 , 14.8833
1.18405 , -7.07296 , 15.554
1.43218 , -8.233 , 17.1212
1.5875 , -7.51365 , 15.7347
1.24285 , -7.94065 , 16.5397
1.19011 , -7.57987 , 16.3469
1.25316 , -7.48476 , 15.8983
-1.37007 , -9.5871 , 15.3446
1.47933 , -7.7821 , 16.014
1.42468 , -8.26165 , 17.4552
1.37847 , -7.90451 , 16.4627
1.12689 , -7.39255 , 15.2225
1.68545 , -8.00186 , 16.1654
1.30334 , -8.01356 , 16.805
1.00324 , -7.20783 , 14.8375
-1.51328 , -9.20767 , 16.135
1.28509 , -7.89431 , 17.2855
1.00556 , -7.45352 , 15.0809
0.983949 , -7.49027 , 15.0852
0.947681 , -7.35686 , 15.1984
1.27177 , -7.82956 , 17.492
2.67844 , -9.51768 , 21.0071
1.25254 , -8.01745 , 17.0265
0.947622 , -7.38377 , 15.1273
-1.99212 , -9.61952 , 17.0301
1.58827 , -8.31533 , 17.4903
1.17298 , -8.00585 , 17.1331
1.85382 , -18.6395 , 36.612
3.76526 , -16.1808 , 35.6777
2.04623 , -8.6294 , 17.6567
1.32589 , -7.95284 , 17.6417
-1.29904 , -9.68354 , 16.7274
-1.46463 , -9.56615 , 17.0561
1.48803 , -8.08635 , 17.7485
-0.4356 , -17.2035 , 32.5883
-0.868085 , -17.3195 , 30.6149
2.56315 , -13.7556 , 30.1741
2.66376 , -13.9316 , 30.1637
-0.281034 , -17.124 , 32.6203
2.89959 , -11.185 , 24.5054
0.252698 , -17.9106 , 32.4082
-0.237217 , -16.8953 , 32.1634
0.763499 , -18.4874 , 34.5599
2.73461 , -13.8138 , 28.7321
2.56037 , -13.4735 , 29.1531
-0.633135 , -17.4121 , 32.3097
-0.36571 , -17.1107 , 33.4069
0.0904014 , -17.5907 , 32.2528
-0.613529 , -20.6523 , 38.5682
2.59772 , -13.1523 , 28.7192
2.35802 , -13.3797 , 29.1034
0.00976677 , -17.4494 , 33.2279
0.234737 , -24.438 , 42.5537
2.18678 , -13.6405 , 28.4365
-0.0475575 , -17.2013 , 31.1159
2.47802 , -13.8817 , 30.5166
2.50754 , -13.567 , 29.5944
2.50326 , -13.771 , 28.5622
-0.229683 , -16.7051 , 30.3834
-0.688054 , -18.0654 , 31.3401
2.67284 , -14.1011 , 30.2291
-0.223914 , -16.2208 , 31.4532
-0.683534 , -16.0959 , 29.9088
-0.600715 , -16.494 , 30.8374
-1.31016 , -24.2449 , 43.2376
2.61567 , -13.5312 , 29.0407
0.228296 , -16.0142 , 30.3517
2.45975 , -13.8877 , 30.4442
-0.26168 , -16.5345 , 32.2632
0.766034 , -18.5223 , 34.6532
-0.129054 , -16.9851 , 30.7379
-0.0495973 , -17.348 , 32.9362
-0.241327 , -18.1973 , 31.3112
2.4708 , -13.2434 , 28.7254
3.10891 , -13.4125 , 29.6774
2.64885 , -13.776 , 29.5486
2.5705 , -14.0366 , 30.6659
2.82231 , -14.7071 , 31.782
-0.0666658 , -15.7586 , 30.8916
-0.194812 , -16.0517 , 31.3274
2.24797 , -13.5943 , 28.9143
2.47335 , -13.7317 , 28.4363
2.82959 , -13.3576 , 28.9929
0.307543 , -16.712 , 30.6057
2.40245 , -13.7584 , 30.4346
-0.490648 , -17.5367 , 30.472
2.36769 , -13.6016 , 29.3043
2.57881 , -14.0183 , 30.5586
0.0924217 , -20.3284 , 39.1918
2.6948 , -14.4403 , 32.0475
0.0638411 , -16.7506 , 30.3287
2.78106 , -14.6933 , 31.7092
0.296575 , -17.1504 , 33.9698
0.696494 , -18.901 , 35.0996
0.415947 , -18.2092 , 35.2213
2.31644 , -13.8456 , 28.4237
2.90951 , -14.5171 , 30.868
3.73215 , -14.4825 , 31.446
-0.896702 , -17.7916 , 34.6587
2.78645 , -13.8881 , 30.1547
1.38493 , -19.2936 , 38.7365
-1.48043 , -21.2681 , 38.6879
2.37191 , -13.8546 , 29.6664
2.43296 , -13.9176 , 30.3407
2.81704 , -14.2004 , 31.0012
3.15821 , -14.9998 , 32.6713
3.65164 , -15.9305 , 34.9486
3.27551 , -15.3872 , 33.6254
2.71114 , -14.3473 , 30.5476
3.29393 , -15.1558 , 32.9119
2.6856 , -14.1717 , 30.6634
2.34486 , -13.3421 , 28.5297
3.90511 , -14.5976 , 31.8576
-0.0997992 , -16.7154 , 32.3729
0.595915 , -17.2227 , 33.3466
2.88977 , -14.684 , 32.6206
2.46326 , -13.522 , 29.5848
2.44907 , -13.8076 , 29.5103
2.46443 , -13.5059 , 29.5305
0.528033 , -17.6591 , 34.1257
2.70273 , -13.4983 , 30.0352
3.27302 , -15.4127 , 33.4561
2.36866 , -14.0823 , 30.0172
2.53141 , -14.2396 , 30.3135
2.43841 , -14.0946 , 30.4829
2.5953 , -14.2985 , 30.6832
2.36816 , -14.0805 , 30.0161
2.43549 , -14.1949 , 29.8753
2.43509 , -14.2148 , 29.8372
2.43183 , -14.2162 , 29.833
2.57736 , -14.2772 , 30.6116
3.19615 , -15.0343 , 32.8052
3.49896 , -15.4205 , 33.9519
2.45917 , -14.1008 , 30.3212
2.61703 , -14.3678 , 30.4001
2.61687 , -14.3683 , 30.3975
4.65282 , -15.0952 , 34.1181
-0.37083 , -17.0342 , 30.6788
0.998067 , -16.823 , 31.703
-0.305373 , -16.779 , 29.7265
2.93993 , -14.6418 , 33.0733
3.18795 , -14.9856 , 32.0612
2.40525 , -13.8665 , 30.3873
3.66448 , -15.2944 , 34.1826
2.43908 , -13.877 , 30.1954
2.4745 , -13.8846 , 30.5034
2.5674 , -14.0341 , 30.4467
2.39471 , -13.8372 , 29.7194
2.77116 , -13.945 , 30.3598
2.68871 , -14.0044 , 30.7838
2.53371 , -14.0493 , 30.3481
2.72113 , -14.5339 , 30.731
2.4753 , -13.8652 , 30.3132
2.78491 , -14.4549 , 30.5834
6.26286 , -13.4044 , 34.497
3.37837 , -15.6454 , 33.2223
2.37223 , -13.8241 , 29.6334
2.66158 , -14.2334 , 30.8292
2.74144 , -14.4598 , 31.9902
0.834179 , -17.3157 , 32.5041
2.47373 , -14.1073 , 29.7873
2.88816 , -14.6736 , 31.9673
2.93409 , -14.5988 , 31.1074
2.80089 , -14.5191 , 32.4138
1.41742 , -18.798 , 37.6718
2.64947 , -14.0536 , 30.1316
2.78732 , -14.5709 , 30.7745
2.63936 , -13.9515 , 30.1341
0.0199845 , -18.9006 , 36.0168
2.81023 , -14.5502 , 32.189
2.62198 , -14.2362 , 30.7276
2.76691 , -14.4938 , 32.3523
2.57817 , -14.0883 , 29.7923
2.73928 , -14.1881 , 30.9848
2.50922 , -14.0898 , 30.4354
2.41516 , -14.0293 , 30.3262
2.4531 , -14.1207 , 30.3419
2.62239 , -14.3415 , 30.7995
2.85245 , -14.6431 , 32.4771
1.76845 , -18.1346 , 36.0479
2.71675 , -14.047 , 30.2832
2.55796 , -14.0637 , 30.6283
2.76869 , -14.5109 , 32.2784
3.39982 , -14.7137 , 31.4954
2.70604 , -14.3406 , 31.0327
2.4633 , -14.1464 , 30.2028
2.4001 , -14.0332 , 30.296
2.68089 , -14.3583 , 30.9968
1.61504 , -20.0515 , 39.4685
2.88082 , -14.5803 , 32.9386
0.958542 , -20.8774 , 39.6767
2.43887 , -13.8388 , 30.2583
2.75863 , -14.491 , 30.6634
2.53577 , -14.0386 , 30.4135
2.66118 , -14.4763 , 30.4042
2.49702 , -14.129 , 30.6077
3.31458 , -15.2922 , 34.2249
3.63345 , -15.7105 , 34.1534
2.37393 , -14.1173 , 30.0107
2.39455 , -14.1377 , 30.0307
2.50645 , -14.1862 , 30.4793
1.4405 , -19.0722 , 37.919
2.53419 , -14.1629 , 29.9998
2.94915 , -14.8249 , 31.7137
2.34263 , -14.151 , 29.951
2.4188 , -14.1517 , 30.247
2.41167 , -14.1559 , 30.2311
2.66719 , -14.5364 , 30.5644
3.70792 , -15.2687 , 34.2931
3.00576 , -14.5613 , 31.4839
3.02324 , -14.8836 , 32.6044
2.98329 , -14.7975 , 32.3056
3.21198 , -15.1712 , 33.6392
1.44028 , -20.4885 , 39.4338
2.24315 , -19.919 , 38.3293
0.120912 , -20.4002 , 39.1445
3.54017 , -15.2366 , 33.7283
3.20422 , -15.5395 , 34.487
2.5933 , -14.3722 , 30.7402
2.78524 , -14.615 , 31.1133
2.6768 , -14.384 , 31.4836
3.65527 , -15.8809 , 34.6275
2.92545 , -14.6827 , 32.5227
1.46209 , -19.95 , 38.447
2.46955 , -14.2703 , 30.1871
2.45753 , -14.2161 , 30.3488
0.35396 , -20.7789 , 40.1109
2.50255 , -14.1265 , 30.6329
2.68829 , -14.4702 , 30.4451
2.70039 , -14.5674 , 30.6271
1.73691 , -18.5198 , 36.7362
2.3894 , -14.0976 , 30.0559
0.0804947 , -21.6121 , 42.1
2.42633 , -14.2323 , 29.8393
2.48784 , -14.2357 , 30.1517
2.42037 , -14.117 , 30.2474
3.5681 , -15.8318 , 34.3462
2.86035 , -14.5655 , 32.3865
3.66581 , -15.7977 , 33.9587
3.08241 , -14.9422 , 32.7795
1.73527 , -20.0629 , 38.6287
3.95801 , -16.5901 , 36.9029
3.76718 , -16.3697 , 36.9322
3.44875 , -15.7149 , 35.1211
1.17457 , -19.814 , 39.5536
3.51656 , -15.7067 , 34.9016
3.35594 , -15.5868 , 34.8891
2.72728 , -14.6262 , 31.9544
3.84175 , -15.2402 , 33.8666
3.42807 , -15.1435 , 33.365
3.27443 , -15.2423 , 33.9825
3.49151 , -15.0643 , 32.8218
2.82037 , -14.7069 , 32.4684
3.35036 , -14.9614 , 32.4952
3.27295 , -15.5664 , 35.0863
1.70629 , -19.3476 , 37.6752
2.82821 , -14.7272 , 31.8462
3.50446 , -14.656 , 32.862
3.43433 , -15.1622 , 34.1668
2.81968 , -14.7336 , 32.1382
3.19842 , -15.5518 , 34.7033
3.4717 , -15.0684 , 32.7914
3.56908 , -15.4414 , 34.1763
0.408976 , -20.4966 , 39.1969
2.81387 , -14.7441 , 32.1207
2.74283 , -14.6387 , 32.1856
3.37469 , -15.0379 , 33.1291
3.0759 , -14.8344 , 32.5555
2.86761 , -14.7059 , 32.6017
3.8096 , -15.3644 , 34.4031
3.50271 , -15.5349 , 34.4039
3.37754 , -15.6502 , 35.2022
3.53227 , -15.7798 , 35.0719
4.00794 , -16.4394 , 35.7991
3.39104 , -15.6735 , 35.2358
1.44431 , -18.9545 , 37.4907
2.68373 , -21.3224 , 42.1112
2.78889 , -22.4361 , 42.8888
3.71726 , -16.4639 , 36.742
3.59432 , -16.2332 , 35.1138
1.53006 , -19.1738 , 38.4903
2.68162 , -14.8776 , 31.6812
2.75941 , -14.9284 , 31.9695
1.41783 , -19.0376 , 37.5315
1.59472 , -18.9203 , 38.4452
1.2192 , -19.5033 , 38.6608
2.31508 , -19.2692 , 37.0978
2.55793 , -19.8811 , 39.3647
2.75083 , -14.9876 , 31.7752
2.90122 , -15.0614 , 32.2981
3.59245 , -16.119 , 36.5206
3.33746 , -15.6645 , 35.0201
1.77588 , -18.0701 , 35.1681
1.77261 , -19.0156 , 38.6516
3.16288 , -15.6587 , 33.9396
2.49022 , -18.671 , 37.182
3.7083 , -15.9507 , 35.1535
2.00515 , -17.9066 , 35.4283
1.11618 , -18.3715 , 35.6807
1.66766 , -18.0644 , 36.7432
3.73721 , -15.2577 , 34.3547
3.29668 , -15.5311 , 35.2727
3.53881 , -15.8404 , 35.2435
3.40743 , -15.6859 , 35.279
1.59474 , -18.4942 , 37.4834
1.56392 , -18.6421 , 37.7716
1.61172 , -19.4656 , 37.6481
2.12198 , -18.6807 , 36.2143
0.934062 , -18.838 , 36.3689
3.62676 , -16.3241 , 36.1046
2.05977 , -19.5429 , 36.7919
1.5456 , -18.8568 , 38.4151
3.84668 , -16.4999 , 36.3558
3.83872 , -15.7891 , 34.7285
1.68814 , -19.2513 , 38.5561
3.42828 , -15.5794 , 34.7868
2.09527 , -19.5036 , 40.2167
3.85455 , -16.5162 , 36.4196
4.11313 , -16.0282 , 35.1135
3.71193 , -15.9757 , 35.1833
1.72402 , -18.0694 , 36.3021
1.74721 , -18.7629 , 38.0144
2.5604 , -19.4155 , 38.3361
1.89492 , -19.8924 , 40.5232
1.8738 , -18.1285 , 36.638
1.37383 , -19.137 , 38.0684
3.60654 , -15.9699 , 35.6531
3.52334 , -16.2505 , 36.3854
3.56247 , -16.308 , 36.3466
2.82395 , -21.4554 , 44.6052
2.53516 , -21.4519 , 42.5728
3.59009 , -16.336 , 36.072
3.68833 , -16.3872 , 36.6417
3.78239 , -16.4913 , 36.6726
3.20915 , -21.1607 , 42.6513
3.14069 , -19.5586 , 39.813
3.60038 , -16.1878 , 36.7068
2.02297 , -20.1646 , 41.4402
3.51063 , -15.8225 , 35.1859
2.53987 , -20.704 , 40.1945
4.35815 , -15.0029 , 34.4847
3.29351 , -15.3917 , 34.1135
4.32057 , -17.1509 , 38.4673
3.27091 , -15.3928 , 34.0475
3.682 , -15.9392 , 35.0795
3.90157 , -16.1919 , 35.7116
3.77242 , -16.1993 , 35.7667
3.41099 , -15.6291 , 33.7155
3.86296 , -16.4187 , 36.1644
3.00722 , -20.4002 , 40.6505
3.78013 , -16.4308 , 36.624
4.10378 , -16.2756 , 35.5939
4.36715 , -16.8904 , 38.2419
1.32036 , -19.6038 , 39.2681
3.72371 , -15.9521 , 35.1976
3.04492 , -20.9071 , 41.3582
3.27702 , -20.6814 , 40.7966
3.78915 , -16.2051 , 35.8181
3.46055 , -15.7238 , 34.7568
0.804547 , -19.6278 , 39.4341
3.71041 , -16.3521 , 36.716
3.45987 , -15.7348 , 35.2122
3.40578 , -15.628 , 35.3237
3.74531 , -16.1963 , 35.7158
4.28701 , -16.8481 , 38.0239
3.35576 , -15.6163 , 34.5905
3.36804 , -15.6141 , 34.6247
3.59348 , -23.9995 , 46.1614
4.73382 , -16.8201 , 38.1742
3.50275 , -15.8555 , 35.831
4.62143 , -17.0166 , 38.2901
3.52631 , -15.8265 , 34.9172
3.51569 , -15.8401 , 35.1604
3.54018 , -15.8244 , 34.9505
3.59104 , -16.1898 , 36.6566
3.84162 , -16.4739 , 36.8511
4.79894 , -17.2401 , 38.6545
3.49342 , -15.8634 , 35.1719
3.57932 , -15.8944 , 35.4395
3.97345 , -16.6102 , 37.1849
1.45907 , -21.358 , 43.4422
5.07863 , -16.8934 , 38.915
3.87598 , -16.5 , 36.3902
3.77745 , -16.2038 , 35.7875
3.99938 , -16.9237 , 38.6438
2.5724 , -19.1642 , 37.5476
2.71644 , -20.6561 , 41.5102
3.37232 , -15.957 , 34.8741
3.80224 , -16.3236 , 36.1904
3.74523 , -16.3627 , 36.8535
3.67068 , -16.3062 , 37.0886
2.56138 , -21.1105 , 41.6099
3.51423 , -15.8436 , 35.1634
4.62712 , -16.7767 , 37.885
3.40813 , -15.6857 , 35.3003
2.50714 , -19.8645 , 38.9233
4.83389 , -16.9216 , 38.2045
3.06733 , -23.7179 , 45.685
3.79718 , -16.3904 , 36.4224
4.23294 , -16.9506 , 38.3203
3.71113 , -16.2629 , 36.411
3.3599 , -15.9584 , 34.7881
3.29544 , -15.8993 , 34.7471
4.47597 , -17.2197 , 38.4221
4.04158 , -16.9292 , 38.8062
3.06516 , -21.4677 , 42.0954
3.51753 , -15.9967 , 34.772
3.36564 , -15.7998 , 34.9182
3.63283 , -16.0843 , 35.5458
3.69694 , -16.2236 , 36.3023
3.9151 , -16.5671 , 36.7559
3.58856 , -16.0104 , 35.6411
3.70451 , -16.3468 , 36.7057
2.30712 , -21.2156 , 43.1952
3.58602 , -16.1935 , 36.6241
4.42357 , -17.4529 , 38.6323
4.16728 , -17.0742 , 38.8971
3.06229 , -20.4463 , 41.1073
3.75294 , -16.3256 , 36.0584
4.12912 , -16.7184 , 38.2427
2.57286 , -20.4843 , 40.6555
2.61307 , -18.7263 , 37.3886
4.31172 , -17.1477 , 38.4144
4.02482 , -16.9326 , 38.7485
4.13074 , -17.0684 , 38.7876
2.37761 , -19.6117 , 40.4616
3.67296 , -16.225 , 35.5521
3.74606 , -16.3691 , 36.8242
3.60385 , -16.3438 , 36.7573
2.45561 , -19.7008 , 40.5519
4.00826 , -17.0086 , 38.9582
2.30364 , -20.0744 , 41.5204
3.55727 , -16.3264 , 35.9344
3.58203 , -16.3504 , 36.059
3.18495 , -21.1052 , 43.0621
3.58992 , -16.2603 , 36.4586
4.12356 , -16.6232 , 37.6651
2.65384 , -19.4002 , 38.2302
3.6699 , -16.3517 , 36.6375
3.36932 , -20.0801 , 40.635
3.40784 , -20.9349 , 41.9039
2.81174 , -19.7886 , 40.3294
5.03277 , -18.3716 , 42.3564
4.03707 , -16.6382 , 37.8069
3.85397 , -16.5666 , 36.9911
2.5117 , -26.5377 , 49.5158
3.54103 , -16.321 , 36.2723
3.57289 , -16.3126 , 36.6003
3.90978 , -16.549 , 37.2017
2.37755 , -22.6776 , 44.0966
4.11416 , -17.0633 , 38.7412
1.53572 , -26.898 , 49.7425
4.48608 , -17.7699 , 40.373
4.36006 , -17.293 , 38.8341
3.22015 , -21.4574 , 43.0498
2.80923 , -21.553 , 44.6852
2.26271 , -29.3699 , 53.2171
3.99966 , -16.7619 , 37.816
2.54237 , -19.6883 , 40.051
2.97128 , -24.2912 , 46.0425
3.52941 , -16.4163 , 35.9235
3.55688 , -16.3859 , 36.2181
3.71748 , -16.5171 , 36.4902
3.59253 , -16.5004 , 35.9002
3.5955 , -16.425 , 36.2796
3.65936 , -16.4941 , 36.2561
2.42476 , -21.657 , 42.2213
3.66183 , -16.4834 , 36.6778
2.41862 , -20.9577 , 42.8444
3.03075 , -21.4684 , 42.7816
4.26243 , -17.4102 , 39.9774
2.24606 , -18.868 , 37.9453
2.2959 , -21.5025 , 40.2255
4.43207 , -17.5461 , 39.2286
2.20474 , -18.9233 , 38.0447
2.24075 , -18.8467 , 37.9315
2.23881 , -18.8568 , 37.9444
4.31317 , -17.1816 , 39.06
4.01979 , -16.9538 , 38.6828
4.11244 , -17.0952 , 38.6809
4.49552 , -17.5696 , 39.4872
4.17999 , -17.0686 , 38.9312
4.47477 , -17.5613 , 39.418
4.07122 , -17.033 , 38.2121
4.19848 , -17.2 , 38.2138
4.16333 , -17.0949 , 38.6458
4.28699 , -17.3278 , 39.4303
2.69247 , -19.8395 , 40.6509
4.44511 , -17.2724 , 40.5694
2.94426 , -20.3417 , 41.7369
4.71578 , -17.8529 , 40.3825
3.46097 , -20.5157 , 41.2896
3.03796 , -27.1729 , 50.7899
4.74997 , -17.8521 , 40.4558
3.34705 , -20.2507 , 40.8956
3.96165 , -17.0183 , 38.2285
4.21849 , -17.1383 , 39.208
4.27847 , -17.3263 , 39.2996
4.52999 , -17.7332 , 40.9405
4.17451 , -17.2303 , 38.6279
4.0702 , -17.0977 , 38.7373
4.30122 , -17.3246 , 39.4075
4.37952 , -17.5829 , 40.8151
3.54566 , -18.3536 , 38.2575
4.14072 , -17.2523 , 38.1128
3.10161 , -23.4326 , 45.9792
4.26317 , -17.2698 , 39.3292
4.73381 , -17.8545 , 40.4167
3.93466 , -16.8185 , 37.9175
4.35691 , -17.6438 , 41.1704
4.57107 , -17.9322 , 40.708
4.29961 , -17.5627 , 40.8246
4.22156 , -17.1748 , 38.709
3.9643 , -16.8822 , 38.8791
4.31944 , -17.5795 , 40.7859
5.2037 , -18.5209 , 43.0418
4.54319 , -16.9147 , 39.0148
4.14971 , -16.9553 , 38.4572
3.98069 , -16.9107 , 38.7457
2.50153 , -20.3714 , 41.5287
4.35201 , -17.3028 , 38.8383
2.76721 , -21.7275 , 44.7373
4.44161 , -17.7451 , 40.1404
1.88552 , -21.4535 , 42.9542
4.11219 , -17.0599 , 38.9207
4.20616 , -16.7173 , 38.4644
4.05419 , -16.9196 , 38.8502
4.41539 , -17.443 , 38.3828
2.97154 , -24.2263 , 46.8915
4.20656 , -17.1443 , 39.1761
4.11791 , -17.0085 , 38.8153
4.33348 , -17.2954 , 38.7841
4.42196 , -16.8896 , 38.391
4.0977 , -17.0262 , 38.7266
4.48718 , -17.5679 , 39.5853
4.44537 , -17.5072 , 40.0548
4.23043 , -17.2007 , 38.7866
4.00784 , -16.9277 , 38.84
4.01001 , -16.9354 , 38.4243
4.00643 , -16.9376 , 38.4137
4.00683 , -16.9371 , 38.4127
4.1023 , -17.0197 , 38.7501
4.15679 , -17.0885 , 38.8286
4.18477 , -17.1553 , 39.0412
4.26132 , -17.3161 , 39.3506
4.19951 , -17.1892 , 38.6307
4.32186 , -17.4039 , 40.0846
3.98561 , -16.972 , 38.3197
4.11445 , -17.0968 , 39.1031
3.98971 , -17.0512 , 38.044
4.0084 , -17.001 , 38.6949
6.27561 , -20.1682 , 47.846
5.90246 , -20.5786 , 48.8795
6.31835 , -20.7185 , 49.2648
6.11497 , -20.5857 , 49.5623
4.29697 , -17.4467 , 38.9854
4.3132 , -17.4138 , 40.0344
4.1362 , -17.3577 , 38.6073
4.25264 , -17.4777 , 38.5905
4.11425 , -17.2951 , 38.8034
4.11551 , -17.2926 , 38.8071
4.11555 , -17.2933 , 38.8092
4.29636 , -17.5208 , 38.5951
4.07312 , -17.2434 , 38.865
4.30479 , -17.4893 , 38.7453
4.41637 , -17.6186 , 38.9729
4.34556 , -17.3198 , 39.5519
4.25303 , -17.3694 , 39.3469
4.19897 , -17.3093 , 39.4697
4.28957 , -17.452 , 38.9387
4.07201 , -17.2428 , 38.8636
4.25336 , -17.388 , 39.2639
4.35912 , -17.6303 , 41.2437
4.35487 , -17.6253 , 41.2218
4.43164 , -16.9711 , 40.2918
4.29091 , -17.5869 , 40.7067
5.75035 , -18.9844 , 45.5073
6.64241 , -21.3313 , 50.6458
6.60018 , -21.0532 , 50.6718
6.31524 , -20.3957 , 48.3936
6.15184 , -20.7042 , 47.9698
5.94005 , -20.6336 , 49.0364
4.31336 , -17.4112 , 40.0484
4.84165 , -17.8593 , 40.7446
4.35509 , -17.5647 , 40.9581
4.41889 , -17.6182 , 38.9751
4.40062 , -17.525 , 39.8841
4.55675 , -17.8116 , 40.6642
4.37883 , -17.6213 , 39.0192
4.1972 , -17.3792 , 39.1112
5.65974 , -19.8721 , 46.5983
5.74188 , -20.0449 , 47.2558
6.02483 , -20.3605 , 48.9231
6.74405 , -21.7631 , 52.2543
5.5914 , -19.9693 , 46.8739
5.50254 , -19.8755 , 46.9
4.57631 , -17.8133 , 41.0704
3.33551 , -20.7794 , 42.2167
3.32704 , -20.3913 , 41.0031
4.57805 , -17.8052 , 40.9481
3.34496 , -20.5285 , 40.7346
4.21952 , -17.5305 , 39.6693
3.50147 , -20.6172 , 41.5375
4.32848 , -17.6276 , 40.5606
4.31808 , -17.872 , 40.2518
4.27117 , -17.8236 , 40.3399
6.19325 , -19.2212 , 45.8381
5.51559 , -18.8993 , 45.2493
5.21123 , -18.986 , 43.9746
6.01094 , -19.4984 , 45.6478
5.38476 , -18.8914 , 44.1868
5.89069 , -19.0275 , 46.0234
5.82799 , -19.2612 , 45.0535
5.56199 , -19.9135 , 47.3075
5.71459 , -19.4551 , 45.9757
6.00861 , -20.0921 , 46.5911
5.81232 , -20.0215 , 46.9337
5.88575 , -19.5347 , 46.5732
6.14711 , -19.5304 , 46.6594
5.85393 , -19.9532 , 46.6813
5.85897 , -19.9147 , 46.0608
5.49062 , -19.8462 , 47.0272
6.09487 , -18.9747 , 46.6338
7.43647 , -19.6455 , 48.6418
5.96694 , -19.8299 , 46.2848
6.77029 , -19.5516 , 47.0457
6.05324 , -19.1842 , 47.3514
6.35649 , -20.1773 , 46.9417
5.78005 , -19.9132 , 45.8642
6.08586 , -18.9851 , 46.6374
5.74846 , -20.0343 , 47.3391
6.18285 , -20.1285 , 46.52
6.3144 , -20.6201 , 48.4041
6.14996 , -19.9736 , 47.6145
6.13254 , -19.7368 , 47.0067
6.34717 , -19.2195 , 46.6775
5.51715 , -19.7444 , 47.1766
6.42699 , -20.6364 , 48.7003
6.28314 , -19.5161 , 46.8444
6.18738 , -19.8675 , 47.0217
6.13212 , -20.4201 , 47.7244
5.82552 , -19.9792 , 47.5351
6.254 , -20.1479 , 47.4119
5.69987 , -20.0238 , 47.116
5.98314 , -20.1985 , 46.9566
6.30788 , -20.5627 , 48.2848
6.32584 , -19.9887 , 47.1517
5.46267 , -19.8684 , 46.8462
6.30314 , -20.6891 , 49.1783
6.50551 , -19.3193 , 46.8964
6.51151 , -20.2062 , 47.4047
6.51273 , -20.3754 , 47.8473
6.21722 , -20.3669 , 47.5946
5.88456 , -19.9084 , 47.1194
6.49222 , -19.1138 , 47.2216
6.62209 , -19.1254 , 47.166
5.98509 , -20.4589 , 49.5481
5.6297 , -19.902 , 47.6819
5.75148 , -19.8955 , 47.396
5.54549 , -19.9187 , 46.9148
5.81821 , -20.087 , 46.9089
5.71291 , -19.9749 , 47.1485
6.13227 , -20.5846 , 49.4186
6.69735 , -21.7215 , 52.5937
5.49915 , -20.0677 , 46.5676
5.50424 , -20.0671 , 46.6023
6.37064 , -20.7022 , 49.4915
6.1963 , -20.1861 , 49.5179
6.13877 , -20.634 , 47.8452
6.60289 , -20.6043 , 49.0182
6.90023 , -21.1045 , 52.0288
6.83012 , -20.2061 , 49.4282
6.21296 , -20.7421 , 47.9478
6.54146 , -20.6777 , 49.0099
7.06162 , -21.0802 , 52.641
7.52771 , -22.522 , 54.4921
6.94719 , -21.8247 , 52.4223
7.25929 , -22.1193 , 52.7165
7.17501 , -22.3744 , 54.3926
6.93848 , -22.062 , 53.3306
6.85537 , -21.8044 , 52.796
6.17618 , -20.3305 , 49.4861
5.95031 , -20.5975 , 48.6902
5.95447 , -20.5952 , 48.728
6.66661 , -21.3801 , 50.8501
6.40022 , -20.7916 , 49.2919
7.12643 , -21.0937 , 53.0157
6.2729 , -20.2875 , 49.9305
6.05671 , -20.6956 , 48.9395
6.2707 , -20.3679 , 48.2974
8.07821 , -22.8866 , 55.6558
8.16533 , -21.4842 , 54.7961
7.2218 , -22.1364 , 53.3417
7.68021 , -22.6245 , 55.4515
6.86706 , -21.7463 , 52.0075
6.69111 , -21.7447 , 52.2456
6.91666 , -21.7973 , 52.6157
7.764 , -20.7583 , 53.0823
7.13638 , -21.8021 , 52.5059
7.10099 , -21.7698 , 52.1051
7.12803 , -22.101 , 54.6088
7.17397 , -21.0121 , 52.4288
6.80399 , -21.507 , 50.53
7.39444 , -22.1069 , 52.4185
6.10789 , -20.7721 , 48.8417
5.965 , -20.6632 , 48.8737
9.08614 , -19.8334 , 54.8718
6.2591 , -19.906 , 49.8988
7.51867 , -22.1648 , 52.8412
7.53228 , -21.9627 , 53.3121
6.00368 , -20.7271 , 49.0572
7.773 , -20.7057 , 54.0198
7.63644 , -21.7495 , 53.4877
7.41023 , -20.7852 , 52.7692
7.30207 , -22.1428 , 52.8046
7.06381 , -21.7671 , 52.2803
7.05026 , -21.6435 , 52.0616
6.99413 , -20.9634 , 52.2863
6.1424 , -20.847 , 48.925
7.26167 , -21.7815 , 51.6527
7.14512 , -22.3719 , 54.2123
6.17976 , -20.8548 , 49.0891
6.23622 , -20.9023 , 48.9819
11.5829 , -16.745 , 59.7263
7.41089 , -22.3098 , 53.4965
7.01025 , -22.1133 , 53.8452
7.19901 , -21.9728 , 52.3571
6.84383 , -21.8051 , 52.7683
6.96144 , -21.8089 , 52.4946
7.35744 , -22.3563 , 53.37
7.02331 , -21.8019 , 52.0408
6.65684 , -21.7323 , 53.0004
7.66841 , -21.6272 , 53.2215
7.6414 , -22.4836 , 53.705
6.97037 , -21.7465 , 51.5889
6.69411 , -21.6996 , 52.6717
6.93451 , -21.6685 , 52.3527
6.69526 , -21.7073 , 52.6687
7.32284 , -22.1234 , 52.3881
7.31098 , -22.0184 , 52.7857
6.72265 , -21.6364 , 51.9939
7.24547 , -22.0026 , 52.5652
7.32647 , -21.752 , 52.3322
7.27209 , -22.1216 , 52.767
7.17147 , -21.6264 , 53.5256
6.83439 , -21.8 , 52.7616
6.61729 , -21.7065 , 52.6012
7.25742 , -22.1176 , 52.6834
6.89473 , -21.7554 , 52.1374
8.19635 , -28.7713 , 61.4956
8.46736 , -23.6152 , 59.5981
7.86674 , -23.2242 , 58.1847
7.9234 , -26.6775 , 60.039
7.56084 , -22.5734 , 55.4467
8.1141 , -22.8899 , 55.991
8.27759 , -23.4859 , 58.4553
7.45749 , -20.7465 , 52.7765
7.38047 , -22.2962 , 53.425
7.37236 , -20.938 , 52.7479
7.02638 , -22.1208 , 53.9542
6.99963 , -22.1147 , 53.7533
7.82417 , -22.599 , 54.4683
7.36024 , -22.6774 , 56.0906
7.53932 , -22.7071 , 55.7721
7.25368 , -21.5161 , 52.3734
7.38573 , -22.4415 , 54.0085
7.50258 , -22.0281 , 53.4958
6.77281 , -21.8397 , 52.3334
8.25135 , -22.0041 , 55.4256
7.97144 , -22.2391 , 54.5181
7.50882 , -22.6679 , 55.9171
7.00741 , -22.022 , 52.1951
7.17672 , -22.1631 , 53.1385
7.50493 , -22.6079 , 55.6268
7.30668 , -22.1546 , 52.9564
7.40349 , -22.3305 , 53.4706
7.86212 , -22.5663 , 55.3663
8.2598 , -29.4659 , 63.2268
6.90596 , -21.9608 , 53.0676
7.26681 , -21.828 , 52.4744
6.88022 , -21.9241 , 51.603
7.32994 , -22.1578 , 53.0434
7.51626 , -21.9285 , 53.4353
7.04925 , -22.031 , 52.3701
8.03549 , -22.6726 , 55.2737
8.11568 , -22.6207 , 55.4718
6.80102 , -21.9065 , 52.1847
7.82746 , -22.8306 , 55.9943
7.67749 , -22.6045 , 55.3185
6.81701 , -21.95 , 52.4774
7.20462 , -22.1601 , 53.2886
8.17227 , -22.9113 , 56.0614
8.02015 , -22.8764 , 55.6157
6.94771 , -22.0274 , 53.2256
7.40135 , -22.4496 , 54.0764
7.09425 , -22.256 , 53.9828
8.4881 , -30.6235 , 65.3092
7.72928 , -27.0755 , 59.1279
6.93587 , -22.0915 , 52.1339
7.63577 , -22.2242 , 54.2293
7.94598 , -23.0156 , 56.5647
7.14852 , -22.1922 , 53.0114
7.43558 , -26.7829 , 60.335
6.85732 , -22.0469 , 52.4356
7.24276 , -22.1449 , 53.4231
7.33871 , -22.3936 , 54.0768
7.41657 , -22.3674 , 53.6365
7.18462 , -22.2356 , 52.9516
7.17144 , -22.2447 , 52.9009
7.32559 , -22.4704 , 54.673
8.94057 , -33.5452 , 69.3189
7.67633 , -27.3823 , 61.694
7.02944 , -22.1611 , 52.9084
6.99002 , -22.1356 , 53.3556
7.50838 , -22.6597 , 56.0106
8.29123 , -28.3972 , 62.2922
7.32968 , -22.4644 , 54.6972
7.862 , -23.2359 , 58.0752
7.09962 , -22.1981 , 53.3309
6.99405 , -22.1268 , 53.4645
6.99406 , -22.2256 , 54.1027
7.41775 , -22.6557 , 55.804
7.42857 , -22.6423 , 55.943
7.20854 , -22.2601 , 53.0504
7.43008 , -22.3556 , 53.5648
7.42786 , -22.4299 , 54.1097
7.83422 , -22.8353 , 55.9925
7.1273 , -22.2359 , 53.4643
7.39166 , -22.4135 , 53.6597
7.12386 , -22.287 , 54.0507
7.72416 , -22.7795 , 55.9043
8.74237 , -31.9497 , 66.3121
9.31168 , -28.5855 , 64.7436
7.60821 , -22.7005 , 56.0606
7.96438 , -23.0242 , 56.8376
8.17696 , -23.1538 , 57.0523
7.3841 , -22.6756 , 56.425
7.86064 , -23.2327 , 58.1023
7.46554 , -22.4765 , 54.4739
7.33838 , -22.4686 , 54.5821
7.662 , -22.6327 , 55.4092
8.24395 , -23.2617 , 57.5877
8.27444 , -27.7483 , 60.6675
7.61794 , -22.7037 , 56.1488
7.76175 , -22.6696 , 55.132
8.05264 , -22.9278 , 56.5709
7.27589 , -22.5058 , 54.1265
7.38534 , -22.5377 , 54.4078
7.97645 , -22.4724 , 55.9749
8.45306 , -24.0837 , 60.2601
7.84641 , -22.9701 , 56.7945
7.74609 , -22.9054 , 56.967
7.6258 , -26.9139 , 60.2392
8.69675 , -31.1953 , 63.8698
8.46184 , -28.2498 , 60.8868
8.83269 , -24.1927 , 60.1086
8.34286 , -27.0449 , 59.6745
7.71326 , -26.9629 , 60.3664
7.71844 , -26.5748 , 59.6972
8.03523 , -26.781 , 60.0013
8.33141 , -27.9407 , 63.074
8.87084 , -24.3176 , 60.1735
8.29867 , -23.3425 , 58.3146
8.67609 , -23.9978 , 60.4988
8.25469 , -23.1335 , 57.9021
8.30274 , -23.8147 , 60.0534
8.10735 , -23.2793 , 57.7655
8.78637 , -24.8559 , 62.8507
9.01594 , -24.394 , 61.2322
8.67453 , -24.4903 , 61.946
9.44463 , -24.6147 , 62.5725
9.28452 , -29.079 , 64.1964
7.73125 , -27.4077 , 60.8823
9.21776 , -23.1361 , 61.2215
8.18284 , -23.9862 , 60.3517
8.27758 , -23.8014 , 59.9238
7.7118 , -26.7428 , 59.9034
8.24895 , -24.0179 , 60.2566
9.01423 , -27.803 , 62.5168
8.69964 , -27.8223 , 62.9129
7.53219 , -27.6518 , 60.7956
8.99125 , -24.5434 , 61.6243
9.82231 , -30.181 , 65.2873
8.68602 , -24.15 , 60.9617
9.1596 , -24.76 , 62.1857
8.72571 , -27.8751 , 63.0541
8.70331 , -24.8621 , 62.8139
8.90252 , -24.26 , 60.6587
9.10636 , -27.2805 , 61.5097
8.77368 , -28.2259 , 63.508
9.25292 , -25.1573 , 64.0048
8.50743 , -24.0845 , 60.6697
8.78127 , -24.1992 , 60.9704
8.79542 , -24.8677 , 63.2112
9.40517 , -25.0809 , 63.4206
9.06695 , -24.5397 , 62.2182
10.5169 , -30.095 , 67.357
8.79365 , -24.8668 , 63.215
10.1659 , -30.0063 , 67.3974
9.00879 , -24.5644 , 61.8366
9.19422 , -24.7994 , 62.4423
9.33984 , -28.3375 , 63.5263
8.78558 , -27.9571 , 63.064
9.26044 , -24.7756 , 62.2673
9.21686 , -25.0607 , 63.5811
8.63001 , -24.4123 , 61.5123
8.78917 , -24.9456 , 63.4725
9.3535 , -25.0901 , 63.448
8.80909 , -24.7719 , 62.7013
8.97257 , -29.8207 , 65.6364
10.0529 , -32.8851 , 70.0165
8.75012 , -24.876 , 62.9099
8.65856 , -24.4663 , 61.7632
9.44528 , -24.7761 , 63.2157
8.6563 , -24.4643 , 61.6744
9.12225 , -24.8692 , 62.8682
9.25705 , -24.9138 , 63.3453
10.4753 , -30.8867 , 69.8824
9.97904 , -29.5922 , 66.8128
8.97461 , -24.9404 , 63.445
8.96474 , -24.9294 , 63.5229
9.17723 , -25.0692 , 62.9971
10.6359 , -31.2977 , 70.2682
11.388 , -30.7705 , 71.6385
10.9635 , -30.26 , 70.09
11.4435 , -31.1858 , 70.3373
11.1954 , -30.2848 , 70.3497
9.55592 , -29.1295 , 66.2392
12.3766 , -34.7746 , 73.5326
10.5017 , -30.5842 , 69.4334
11.3469 , -30.6962 , 70.9612
11.3713 , -32.0265 , 73.1064
11.3709 , -31.6809 , 69.6322
11.1314 , -30.0564 , 70.0493
10.8727 , -30.8287 , 71.7276
11.4994 , -31.4569 , 72.7099
11.6863 , -31.6305 , 72.9803
10.8175 , -31.3486 , 69.4374
10.7898 , -30.8728 , 70.0135
9.42083 , -29.0803 , 65.7548
11.5072 , -32.9238 , 69.4333
11.3464 , -31.1418 , 70.4108
11.3647 , -31.9075 , 68.7093
11.1654 , -30.6465 , 71.5064
11.2379 , -30.7288 , 69.7222
14.9801 , -49.3512 , 89.5771
11.2505 , -30.6314 , 71.4111
10.7165 , -31.4575 , 69.5705
11.5372 , -31.3266 , 72.1083
9.92811 , -29.2155 , 66.2815
11.2554 , -32.0019 , 68.6205
11.0309 , -31.839 , 71.3529
9.24142 , -28.0491 , 66.5033
11.2333 , -30.7214 , 69.7335
10.8705 , -31.5751 , 69.6847
10.9965 , -33.0388 , 71.8882
11.4096 , -32.5164 , 69.013
10.8324 , -30.601 , 71.3829
11.2501 , -37.8763 , 77.3599
11.1113 , -33.8113 , 68.803
12.2872 , -33.996 , 73.7527
10.4945 , -30.4337 , 69.4415
10.6987 , -31.8091 , 71.1071
11.1004 , -30.7352 , 69.5553
11.1699 , -34.1074 , 68.9926
11.1506 , -34.0099 , 68.9344
11.3534 , -31.4787 , 69.7118
10.5846 , -29.7585 , 67.4334
12.1654 , -35.4435 , 70.3329
10.4157 , -30.2267 , 69.0921
11.3699 , -31.5581 , 69.8856
11.1426 , -30.8021 , 69.1117
12.2612 , -32.679 , 73.7834
11.6208 , -30.9911 , 71.4056
10.7613 , -31.0143 , 69.9252
11.3329 , -30.7795 , 70.6108
10.4395 , -30.5244 , 69.3933
11.3766 , -31.0757 , 72.1182
12.1586 , -32.405 , 73.3364
11.1025 , -31.3072 , 71.2434
10.4778 , -30.817 , 69.8407
11.8208 , -31.463 , 70.5315
11.8104 , -31.9891 , 73.5017
11.9203 , -32.0488 , 73.5418
10.0011 , -28.1196 , 64.8844
11.2958 , -31.4658 , 69.4033
10.5063 , -29.7729 , 68.1832
10.4175 , -30.3039 , 69.1955
10.4697 , -30.7634 , 69.6825
11.6949 , -36.2539 , 70.1708
10.5378 , -30.0072 , 68.292
10.4077 , -29.6341 , 68.5892
10.8656 , -29.9817 , 67.7324
11.3743 , -31.5155 , 69.8482
11.7001 , -33.2627 , 69.32
10.7053 , -31.3058 , 69.41
11.2183 , -31.1799 , 70.0079
11.3545 , -31.4746 , 69.696
10.4719 , -30.5188 , 69.5273
11.6898 , -33.1625 , 69.2696
11.3387 , -31.6158 , 69.6311
11.5582 , -32.7824 , 69.2202
11.5658 , -32.3041 , 68.9674
11.1081 , -30.7626 , 68.8678
10.9331 , -30.7348 , 70.1044
10.4579 , -29.7578 , 68.5285
10.9336 , -31.9434 , 69.5635
10.9112 , -29.976 , 68.7186
10.7506 , -30.4925 , 69.4945
10.8603 , -29.7146 , 67.4362
10.52 , -29.8646 , 68.2565
11.0717 , -30.5833 , 69.3103
11.3195 , -30.8986 , 68.3096
7.47846 , -22.3409 , 53.7615
7.12671 , -22.335 , 54.4185
8.09727 , -22.7672 , 56.2331
7.66496 , -22.6271 , 55.4602
7.67816 , -22.6567 , 55.2227
7.49539 , -22.6167 , 55.5951
7.70667 , -22.7027 , 55.5928
7.4569 , -22.6874 , 56.2019
8.18542 , -27.1653 , 59.2917
7.99809 , -22.7785 , 56.7258
7.68319 , -22.7244 , 56.8046
8.08629 , -23.1569 , 57.8264
8.97626 , -27.7164 , 62.4653
7.6154 , -22.7589 , 56.3653
8.24074 , -23.6123 , 59.7256
7.77172 , -27.1771 , 60.6594
7.65868 , -22.6827 , 56.406
8.26932 , -23.4061 , 58.4762
8.92815 , -24.4121 , 60.2346
10.9221 , -31.8041 , 72.5117
8.06884 , -27.3061 , 59.7098
8.3518 , -22.6572 , 56.6283
8.12147 , -23.4337 , 58.6223
8.04906 , -23.024 , 57.1317
7.75537 , -22.9428 , 57.0599
8.9879 , -24.9297 , 62.9768
8.21106 , -22.7435 , 56.7589
8.67951 , -23.5932 , 59.3262
8.14346 , -23.1854 , 57.3695
8.38685 , -23.3346 , 58.8473
7.97577 , -22.8045 , 56.6373
8.64869 , -23.6257 , 60.5426
8.0013 , -22.7551 , 56.3353
8.40142 , -23.5566 , 59.3463
7.92796 , -22.7656 , 56.5861
8.57929 , -23.5177 , 58.5838
8.24505 , -26.7204 , 58.9413
7.88588 , -22.9662 , 57.0797
8.57551 , -23.3751 , 59.9132
8.37632 , -23.6398 , 58.9943
8.89006 , -24.1817 , 61.0729
8.29399 , -23.8017 , 59.9063
8.5529 , -24.1122 , 61.0647
8.63655 , -22.9772 , 59.677
10.9392 , -31.9133 , 72.6113
8.60351 , -27.9453 , 62.9184
8.77583 , -23.9927 , 60.7255
9.03732 , -24.5144 , 61.9391
8.50059 , -24.0652 , 61.1233
9.52328 , -24.6667 , 62.9949
8.54955 , -24.1906 , 61.217
10.9693 , -33.063 , 73.0042
8.67018 , -24.1653 , 60.7548
8.78648 , -24.9443 , 63.4163
8.84083 , -25.0959 , 63.8286
8.76176 , -24.9048 , 63.2054
8.92312 , -24.2461 , 61.0159
8.95349 , -24.935 , 63.1781
8.93919 , -24.0633 , 61.149
10.7228 , -30.6319 , 71.2108
8.81512 , -24.7758 , 62.766
8.65609 , -24.4633 , 61.8056
8.70768 , -24.5501 , 62.0974
9.20021 , -24.9081 , 63.0831
9.00164 , -24.9385 , 63.0656
8.74656 , -24.6154 , 62.3124
8.98569 , -24.2409 , 61.35
9.02652 , -24.9623 , 63.4692
8.91511 , -24.841 , 63.7151
9.16338 , -24.8789 , 63.2187
9.54639 , -29.0218 , 65.9958
9.10519 , -24.5643 , 62.3307
8.98878 , -24.4745 , 61.3121
9.21664 , -24.4936 , 62.2361
9.19567 , -24.8998 , 63.0361
9.46139 , -29.0509 , 62.5559
8.91593 , -27.683 , 62.9073
8.73104 , -24.5874 , 62.4852
8.97144 , -24.9814 , 63.6409
8.90872 , -27.7596 , 62.9523
9.95275 , -24.63 , 66.722
9.35419 , -27.9651 , 62.8556
8.8705 , -24.946 , 63.6328
8.91241 , -28.0401 , 63.1127
11.4165 , -32.0534 , 70.1146
8.97873 , -24.9523 , 63.6994
10.7228 , -31.0983 , 71.2315
9.49975 , -28.2713 , 65.1227
11.4942 , -32.3102 , 70.6982
11.1537 , -31.0195 , 69.8406
9.39899 , -28.9578 , 65.518
10.715 , -30.5918 , 69.6216
11.4762 , -32.5455 , 69.3754
9.55997 , -29.131 , 66.235
11.824 , -33.8922 , 70.1786
11.3501 , -30.3976 , 69.2772
11.5788 , -32.2648 , 70.817
11.5832 , -32.0085 , 69.0727
11.3664 , -31.8464 , 69.7938
9.79041 , -28.5989 , 64.825
10.3938 , -30.5542 , 69.443
11.3104 , -30.4888 , 70.2118
11.5963 , -30.9322 , 70.0352
11.366 , -32.1345 , 69.3657
11.9388 , -33.6562 , 70.1378
10.7266 , -31.5993 , 70.5243
11.8865 , -34.1065 , 70.3641
9.6348 , -28.7239 , 65.5742
10.4336 , -30.4509 , 69.3219
10.019 , -28.2078 , 64.9426
11.1393 , -30.8661 , 69.1383
7.24105 , -21.6989 , 52.1605
5.4052 , -19.3561 , 44.8692
6.14438 , -19.857 , 46.8155
6.6082 , -20.8317 , 48.6948
5.45581 , -19.3277 , 45.2168
6.4064 , -19.2609 , 46.7082
5.68288 , -19.6947 , 46.9571
6.54076 , -20.2048 , 47.4632
6.23813 , -19.2725 , 46.6104
6.25008 , -20.6854 , 48.8261
5.45201 , -19.7573 , 46.8001
6.54797 , -19.5308 , 47.1409
6.037 , -19.4839 , 47.0693
5.99728 , -20.5656 , 49.6303
8.63262 , -18.7455 , 50.8146
6.01769 , -19.743 , 46.6613
5.89754 , -19.2298 , 46.6238
6.1555 , -19.501 , 46.6083
6.30457 , -19.7628 , 46.8098
6.0602 , -19.7596 , 46.8142
6.15356 , -20.228 , 46.7055
5.91818 , -19.5314 , 46.6647
6.152 , -20.1844 , 47.4448
5.95115 , -19.7518 , 46.4802
5.98165 , -19.2333 , 46.7217
6.10751 , -19.1095 , 46.34
5.99781 , -19.5091 , 46.9458
6.33288 , -19.9903 , 47.1567
6.37173 , -20.5794 , 48.5241
5.88062 , -19.7599 , 46.6781
5.94689 , -19.9809 , 47.2665
6.29308 , -19.259 , 46.7055
6.01527 , -19.7977 , 47.0587
6.38852 , -19.498 , 46.9291
6.41661 , -19.3935 , 46.901
6.36378 , -19.2121 , 46.9437
6.85299 , -21.0903 , 49.8771
6.86131 , -21.2564 , 50.0887
6.32042 , -19.763 , 46.868
6.34238 , -19.9444 , 47.2234
6.99852 , -21.6933 , 51.3868
6.57335 , -20.2905 , 47.9079
5.97662 , -19.9731 , 47.1461
6.25843 , -19.263 , 46.6781
5.70624 , -19.7705 , 46.9961
5.88295 , -19.7243 , 46.8645
6.17751 , -20.1458 , 47.1604
7.692 , -34.0443 , 71.9996
5.94935 , -19.33 , 46.7859
5.73446 , -20.0375 , 47.2513
5.99479 , -19.7588 , 47.0676
6.34985 , -20.3113 , 47.9477
7.1678 , -21.518 , 51.9336
6.25542 , -20.3413 , 48.3568
7.36158 , -22.2895 , 53.0135
7.01797 , -26.435 , 59.3139
6.46181 , -19.4153 , 47.0701
5.60975 , -19.8943 , 47.5684
6.12377 , -19.0847 , 47.3343
6.28825 , -19.7593 , 47.0502
6.21881 , -19.1778 , 47.143
6.11692 , -18.9623 , 46.6921
5.63138 , -19.5179 , 46.0238
5.56966 , -19.8873 , 46.5799
6.12502 , -18.926 , 46.9041
6.94308 , -19.6939 , 48.0685
6.45123 , -19.2339 , 46.6432
6.07609 , -19.2797 , 46.7513
6.0751 , -20.07 , 46.9539
6.01349 , -19.291 , 47.002
5.91759 , -19.9224 , 47.0814
7.5267 , -21.1449 , 52.1418
5.93522 , -20.2017 , 46.785
6.01275 , -20.2065 , 48.022
6.93758 , -21.6617 , 51.3661
6.44609 , -21.2704 , 50.5611
6.45789 , -19.4437 , 47.0576
6.82009 , -21.8024 , 52.6558
5.93646 , -19.3682 , 47.2034
6.08591 , -19.9237 , 47.0766
5.99016 , -19.9232 , 47.1576
6.87731 , -21.1668 , 52.1949
6.84963 , -21.1074 , 49.7737
5.39621 , -19.8138 , 46.4609
6.22618 , -20.0143 , 47.1723
10.7519 , -40.0169 , 84.8875
6.21494 , -20.2109 , 47.6745
6.22386 , -20.4519 , 49.0311
6.13449 , -20.5359 , 49.4966
5.87437 , -20.4928 , 47.8821
6.3535 , -20.4435 , 48.5522
6.03093 , -20.4301 , 47.4357
6.0835 , -20.4445 , 48.3791
6.9282 , -21.3564 , 51.4815
5.86094 , -20.4367 , 47.8193
5.89526 , -20.512 , 47.9238
6.56331 , -21.3319 , 49.6755
7.14069 , -21.2331 , 50.8416
5.8221 , -19.9781 , 47.527
6.50851 , -20.0493 , 47.2284
7.19844 , -21.2851 , 51.0822
5.55713 , -19.865 , 45.7695
6.37462 , -20.3842 , 48.1294
6.17828 , -20.4829 , 48.9182
6.1449 , -20.2545 , 49.3494
5.74938 , -19.7857 , 46.9959
6.32213 , -20.6278 , 48.8074
5.97709 , -19.9289 , 47.095
6.82051 , -21.9718 , 52.8826
7.39286 , -19.2095 , 48.2023
6.18785 , -20.2078 , 47.6378
6.62436 , -19.1107 , 47.1711
6.76124 , -20.0405 , 48.7948
6.88622 , -21.156 , 52.2399
6.14422 , -20.0351 , 47.1278
6.57615 , -20.4469 , 48.942
6.35292 , -20.7095 , 49.4821
7.43014 , -21.6328 , 52.159
6.94685 , -21.3052 , 50.4148
6.17755 , -20.1756 , 47.5142
6.33366 , -19.4775 , 47.0125
6.03123 , -20.2042 , 48.1962
6.2332 , -19.8555 , 47.0134
6.62513 , -19.1163 , 47.1768
5.9648 , -20.1982 , 47.8964
5.68984 , -19.718 , 47.1822
6.0236 , -19.7588 , 47.1462
6.52373 , -21.5708 , 52.0267
5.81218 , -19.9974 , 47.6411
6.33016 , -19.4741 , 46.9988
5.77961 , -20.0125 , 45.8414
6.23179 , -20.1962 , 49.7364
6.31028 , -20.5916 , 49.35
7.45827 , -22.5674 , 54.4951
7.58797 , -22.9318 , 56.3239
6.45039 , -20.7241 , 49.8135
6.07389 , -20.2653 , 48.3387
5.98756 , -20.1814 , 48.4074
6.51796 , -20.5971 , 49.0948
7.57673 , -20.7417 , 53.377
6.52392 , -20.5775 , 49.1513
5.83931 , -20.1114 , 47.627
7.14554 , -21.5098 , 51.2907
6.79766 , -21.9071 , 51.2101
7.06726 , -21.6944 , 51.6884
6.94043 , -21.6643 , 51.3351
6.23792 , -20.0293 , 46.933
6.62138 , -20.3515 , 48.1151
7.45995 , -21.3821 , 51.9688
5.92644 , -19.981 , 47.1928
5.83496 , -19.9733 , 47.5518
8.25844 , -24.3523 , 59.6592
6.08853 , -20.4418 , 49.0434
6.00867 , -20.0588 , 47.6901
6.62986 , -20.3465 , 48.3013
5.62026 , -19.8668 , 46.5656
6.24097 , -19.4241 , 47.6571
5.85646 , -20.0528 , 47.6576
6.32272 , -20.3935 , 48.4005
6.0415 , -20.2096 , 48.1921
6.46489 , -20.6011 , 49.1082
5.98094 , -20.0528 , 48.3612
6.32929 , -20.4018 , 48.3963
5.99052 , -20.1835 , 48.4231
6.42942 , -20.6331 , 49.2593
6.17948 , -20.5652 , 49.3581
6.20476 , -20.4119 , 48.9186
6.174 , -20.5796 , 49.4915
6.43284 , -20.3707 , 48.3432
6.32232 , -20.3963 , 48.3985
6.11343 , -19.6244 , 49.0339
6.34517 , -19.9907 , 47.1291
6.19615 , -20.1749 , 48.248
6.97902 , -29.4115 , 62.5019
9.22212 , -20.481 , 56.1001
6.11482 , -20.433 , 49.1019
6.38098 , -20.6259 , 49.2044
7.41214 , -27.2133 , 61.4437
6.87267 , -21.1695 , 52.1955
6.22802 , -20.3435 , 48.3293
6.1936 , -20.2902 , 49.5359
6.30773 , -20.6697 , 49.2492
6.33758 , -20.3834 , 48.2814
6.06887 , -20.5076 , 49.5537
6.43541 , -20.6355 , 49.2613
6.35087 , -20.4484 , 48.5394
5.94064 , -20.5648 , 48.1612
6.23153 , -20.1106 , 48.217
7.46822 , -21.2612 , 52.0183
5.94796 , -20.5737 , 47.7949
6.2889 , -20.4805 , 48.3859
6.53078 , -20.5886 , 49.1479
7.1344 , -21.5198 , 52.3733
7.0436 , -21.4033 , 51.9766
6.20259 , -20.3736 , 48.2472
5.97598 , -20.6205 , 49.4139
6.98657 , -22.1729 , 52.2918
6.07185 , -20.6384 , 48.8336
6.6355 , -20.3513 , 48.1458
7.01864 , -22.1057 , 53.9146
7.0407 , -21.6981 , 51.6097
7.81096 , -22.6615 , 55.2856
7.81953 , -21.3843 , 53.47
6.82783 , -21.7083 , 52.5204
7.12148 , -21.3768 , 52.2195
7.2423 , -20.5383 , 52.4502
7.19731 , -21.7047 , 52.0531
8.03478 , -29.4093 , 62.951
7.41082 , -22.3019 , 53.4277
7.39725 , -21.0712 , 51.5088
6.93127 , -21.161 , 52.5086
7.2924 , -21.65 , 52.3478
6.83647 , -21.3648 , 51.4544
7.14978 , -21.7775 , 52.016
6.14002 , -20.5574 , 48.6525
7.38484 , -21.7497 , 52.5326
9.89148 , -21.216 , 58.1382
6.28948 , -20.6036 , 49.2759
8.19853 , -21.408 , 54.2749
7.02836 , -21.7403 , 51.5319
5.97955 , -20.5667 , 48.379
6.82639 , -21.7063 , 52.5054
7.88724 , -22.816 , 56.2272
7.24433 , -21.6685 , 51.9106
6.94632 , -21.1426 , 52.591
6.95745 , -21.8132 , 52.461
7.63797 , -23.1772 , 56.5861
7.26158 , -21.7396 , 52.4878
7.94507 , -23.2525 , 57.0808
9.66006 , -19.7718 , 57.258
7.27254 , -22.1097 , 53.5621
7.13246 , -21.5094 , 52.2859
7.17323 , -21.1087 , 52.2097
12.5773 , -35.8196 , 84.8502
7.03095 , -21.4317 , 52.3876
6.98276 , -20.9774 , 52.2359
7.7069 , -27.5014 , 61.9215
7.12096 , -21.7618 , 52.196
7.18885 , -22.1271 , 53.152
6.69079 , -21.709 , 52.6053
7.4053 , -22.4608 , 54.1637
7.45658 , -21.8785 , 52.7988
7.05455 , -21.4506 , 52.3669
7.31355 , -21.7997 , 52.6242
6.91915 , -22.0204 , 52.991
7.49257 , -21.9433 , 53.3615
7.52335 , -22.2562 , 54.0548
7.01553 , -22.3371 , 54.6138
7.40442 , -21.9684 , 53.0497
6.87867 , -21.7475 , 52.0609
7.33163 , -21.7626 , 52.3969
7.31384 , -21.9773 , 52.7366
7.06784 , -21.6039 , 52.3404
6.94596 , -21.6566 , 52.4215
7.37973 , -22.1256 , 53.1367
7.34853 , -22.5068 , 54.6185
7.26096 , -21.8179 , 52.469
7.35229 , -22.3913 , 54.1469
7.10009 , -21.8197 , 52.6469
7.26537 , -21.7964 , 52.4208
7.30113 , -21.9706 , 52.6979
6.94564 , -21.6556 , 52.4287
6.97256 , -22.0574 , 53.4706
6.72226 , -21.7433 , 52.6281
7.76916 , -27.1042 , 61.8538
7.78321 , -22.6424 , 55.1525
7.56203 , -22.2417 , 53.967
7.25295 , -21.3385 , 52.2473
7.39933 , -21.8852 , 52.6329
7.72389 , -22.6363 , 54.9114
7.89553 , -22.7624 , 55.7592
6.93146 , -21.798 , 52.6809
8.50033 , -24.5947 , 61.2841
7.71904 , -21.4414 , 52.9649
7.12855 , -22.3298 , 54.393
6.99604 , -22.333 , 54.6537
6.89343 , -21.9502 , 52.9134
6.92396 , -21.9903 , 53.0927
6.88863 , -21.8406 , 53.011
7.22169 , -21.5875 , 52.447
7.30022 , -21.6416 , 52.4214
7.84304 , -21.4796 , 53.6393
7.43962 , -22.4003 , 53.8611
6.84339 , -21.9536 , 52.3132
7.44904 , -22.429 , 54.2471
7.05316 , -22.0849 , 53.9758
6.79198 , -21.6278 , 52.4475
6.75692 , -21.7256 , 52.7964
8.12374 , -22.4218 , 55.8031
6.82665 , -21.774 , 52.6901
6.86826 , -21.8106 , 52.7898
6.89542 , -21.981 , 52.937
8.00894 , -23.004 , 56.8857
8.17944 , -22.9401 , 57.2072
8.08669 , -23.2512 , 57.6251
8.92366 , -23.5678 , 59.2915
7.71504 , -22.5932 , 55.0648
7.33065 , -22.4861 , 54.5812
8.11225 , -23.1664 , 57.088
8.77112 , -24.1734 , 59.7301
7.68869 , -22.394 , 56.3962
7.52946 , -22.7108 , 55.9113
7.20501 , -22.3128 , 54.6446
7.99364 , -22.9588 , 57.2952
7.9102 , -22.8102 , 56.4789
7.63354 , -22.7606 , 56.5425
8.53426 , -27.8936 , 60.1877
7.174 , -22.3996 , 54.6051
7.1335 , -30.3999 , 63.5773
7.65715 , -22.6292 , 55.4184
6.9721 , -22.0593 , 53.2878
6.98481 , -22.0977 , 53.4301
3.64342 , -16.2681 , 37.2617
3.50892 , -14.8804 , 33.6389
1.27376 , -18.2369 , 35.6541
3.32444 , -15.5297 , 34.9478
3.39788 , -15.2638 , 34.391
3.79734 , -15.3552 , 34.3651
3.97722 , -16.0258 , 35.0808
3.38565 , -15.0394 , 32.8931
4.13429 , -15.1451 , 34.1754
4.29664 , -15.1624 , 34.5211
2.87447 , -14.5391 , 32.4333
3.43038 , -15.5351 , 34.0959
3.72994 , -15.8926 , 34.8334
3.37954 , -14.8553 , 32.2232
3.11466 , -14.8284 , 32.0713
3.30138 , -14.9148 , 32.1601
2.85995 , -14.5533 , 32.3604
3.91468 , -15.8333 , 34.8818
3.34307 , -14.916 , 32.2388
6.03957 , -22.0124 , 50.0972
2.77808 , -14.6653 , 31.5866
2.77009 , -21.0532 , 43.8788
2.00845 , -18.756 , 38.023
2.68306 , -19.4693 , 39.1739
3.41778 , -15.5461 , 34.7604
1.84293 , -18.6908 , 36.0391
3.01617 , -14.5714 , 32.7453
4.08079 , -15.3918 , 34.4304
4.09174 , -15.0866 , 34.631
3.62059 , -15.0023 , 33.3848
2.93267 , -14.5679 , 32.5547
3.71665 , -15.9206 , 35.0699
2.99675 , -14.7376 , 32.1939
3.18455 , -14.9029 , 32.3392
3.19617 , -14.9062 , 32.3694
2.73522 , -14.4733 , 31.2464
3.57962 , -16.2789 , 35.88
3.47965 , -15.8642 , 35.7285
3.60001 , -16.0116 , 35.69
3.59052 , -15.7875 , 34.2472
3.61115 , -15.9807 , 35.6783
3.88566 , -16.156 , 35.6472
3.96878 , -16.1946 , 35.6028
4.02591 , -16.5352 , 36.7735
4.1282 , -16.6424 , 38.1091
3.62285 , -15.8776 , 34.9124
2.77624 , -20.5142 , 42.847
3.53325 , -15.8183 , 34.7024
4.41104 , -16.5752 , 38.3181
3.51997 , -15.6272 , 34.4796
3.82582 , -15.7833 , 34.7156
3.44623 , -15.7077 , 35.129
3.33951 , -15.4525 , 34.6757
3.78461 , -16.2266 , 35.2831
3.61413 , -15.7815 , 34.8726
1.9418 , -18.9508 , 38.3667
3.69067 , -15.9026 , 34.7533
3.50797 , -15.9201 , 35.2442
3.27413 , -15.3648 , 34.034
3.72827 , -16.3639 , 36.7838
4.12284 , -16.2506 , 35.5729
3.59462 , -16.0584 , 36.1896
3.99061 , -16.005 , 34.9052
3.33813 , -15.5252 , 34.9816
3.60533 , -15.6354 , 34.4855
6.82576 , -18.2712 , 43.1664
4.2413 , -17.3872 , 39.9081
3.37888 , -15.6433 , 35.2155
3.77709 , -15.4602 , 34.268
3.40031 , -15.7465 , 35.3265
3.52979 , -15.0409 , 33.7467
3.61807 , -15.7838 , 34.885
3.74738 , -15.3321 , 34.3166
4.53436 , -16.883 , 37.8893
3.61335 , -15.4907 , 34.2174
3.86404 , -16.0771 , 35.1506
3.24657 , -15.2892 , 33.927
3.89161 , -15.0648 , 34.2254
10.2661 , -54.875 , 112.804
1.78054 , -18.4612 , 35.6331
3.24573 , -15.2731 , 33.9119
4.70456 , -18.8767 , 43.0674
2.17014 , -17.2846 , 34.3221
3.21635 , -15.1852 , 33.1863
3.96524 , -16.1633 , 35.8149
3.70376 , -14.8353 , 34.0871
3.5116 , -15.6026 , 34.4383
3.31938 , -15.4066 , 34.125
7.1154 , -31.984 , 67.1018
1.79458 , -17.7335 , 35.7128
3.52249 , -15.9077 , 35.321
3.64446 , -15.4067 , 34.3429
4.71453 , -16.6854 , 38.7921
4.19493 , -17.1039 , 38.2951
5.74951 , -20.714 , 46.6661
3.62912 , -15.4137 , 34.3084
3.75116 , -15.9367 , 34.9562
3.53093 , -15.6952 , 34.8003
3.79105 , -15.7089 , 34.4682
3.62242 , -16.1252 , 36.4123
3.62524 , -16.18 , 36.3529
3.70673 , -16.339 , 36.7397
2.13032 , -18.5818 , 35.897
3.42215 , -15.2629 , 34.0689
3.61075 , -15.7471 , 34.7976
1.94302 , -17.8316 , 36.0429
3.76139 , -15.1971 , 34.2392
3.82658 , -16.5678 , 36.9122
4.74687 , -17.1594 , 38.8977
4.51408 , -16.4419 , 37.9571
5.61316 , -18.8744 , 44.9098
3.85849 , -16.1757 , 35.6396
4.96725 , -16.9777 , 38.5578
3.88372 , -16.4949 , 36.3708
3.87617 , -16.5533 , 37.3164
3.76888 , -16.1771 , 35.6736
4.54442 , -17.4527 , 38.4537
5.3793 , -19.5756 , 45.4362
3.5563 , -15.7694 , 34.6924
4.33169 , -16.9853 , 38.4995
5.5641 , -20.3989 , 45.7168
4.00399 , -16.2193 , 35.3524
4.85986 , -18.2669 , 41.1057
4.71518 , -16.894 , 38.3257
3.58307 , -16.1918 , 36.7034
3.83579 , -16.5012 , 36.11
2.50433 , -18.8819 , 37.0966
3.48214 , -15.8697 , 35.5886
3.83123 , -16.5227 , 37.0918
4.03358 , -15.9474 , 37.7689
3.67474 , -16.1425 , 35.1684
3.46182 , -15.8195 , 34.8671
3.87528 , -16.2056 , 35.3119
3.6118 , -16.2784 , 36.4845
3.59347 , -16.0189 , 36.1287
3.42567 , -15.8269 , 35.3264
3.64934 , -16.0847 , 35.5888
4.24447 , -16.7923 , 38.0152
3.61071 , -15.9996 , 36.1753
4.80728 , -17.0256 , 38.7428
3.65137 , -16.2957 , 37.0978
4.38756 , -17.5922 , 40.8473
2.56806 , -19.1923 , 37.5797
4.84059 , -17.9077 , 39.4918
2.59563 , -18.9121 , 37.3682
5.24542 , -18.551 , 42.244
5.7745 , -31.204 , 66.0123
2.3735 , -19.6475 , 39.3469
3.95435 , -16.6869 , 37.5367
4.33935 , -17.022 , 38.4648
5.07457 , -19.3942 , 44.9351
5.70607 , -20.9499 , 47.1811
5.45998 , -19.486 , 43.696
4.41252 , -15.9195 , 37.1748
2.25229 , -17.4348 , 34.7205
4.13839 , -16.7323 , 38.2844
4.81076 , -16.9522 , 38.6229
3.67687 , -16.1209 , 36.0991
5.41408 , -16.6528 , 39.5031
3.7228 , -16.3276 , 36.3407
2.34306 , -18.6229 , 37.5998
3.75068 , -16.6301 , 36.4295
3.80762 , -16.5704 , 36.9081
3.73675 , -16.4589 , 36.1037
4.02177 , -17.0274 , 38.5186
3.94931 , -16.5729 , 37.1078
4.85751 , -17.0015 , 38.8274
3.83672 , -16.3966 , 36.521
3.88624 , -16.496 , 36.1806
4.29406 , -16.805 , 38.1479
4.84817 , -16.8404 , 38.5853
3.69197 , -16.3513 , 36.8127
5.13116 , -18.5374 , 42.1216
4.48376 , -17.4424 , 39.0977
4.48325 , -17.777 , 40.3212
4.6777 , -17.578 , 40.0197
5.4321 , -16.4926 , 39.5444
3.92805 , -16.881 , 38.7099
5.6547 , -18.7827 , 43.5843
4.37163 , -17.5935 , 40.7601
4.10117 , -17.1117 , 39.0136
4.01402 , -16.6563 , 37.0833
4.46182 , -17.4413 , 38.9358
3.21028 , -21.404 , 43.2655
4.43022 , -16.5712 , 38.3534
4.1701 , -17.0798 , 38.8704
4.00812 , -16.8316 , 38.0095
5.17452 , -19.2677 , 43.6174
4.2276 , -17.0383 , 38.1294
4.0458 , -16.8524 , 38.1669
4.00876 , -16.756 , 38.1241
4.68876 , -16.7927 , 39.3621
4.04718 , -16.6335 , 37.5645
4.24046 , -17.1921 , 38.8127
4.60245 , -17.3077 , 38.9852
4.09171 , -16.9634 , 38.2565
5.12337 , -18.4939 , 42.8141
1.87274 , -18.6518 , 37.4552
4.46735 , -16.4472 , 38.2902
4.90715 , -16.3126 , 38.5451
5.12957 , -17.0156 , 38.9676
4.39352 , -16.4927 , 37.7284
3.61772 , -16.3442 , 36.6278
4.03223 , -16.8512 , 38.1064
4.28548 , -16.8373 , 38.3404
4.09778 , -16.8992 , 38.3928
4.35546 , -17.0126 , 38.4303
3.067 , -19.1972 , 38.8605
4.15014 , -17.0618 , 38.8683
4.44609 , -17.5685 , 38.8537
4.06279 , -16.8737 , 37.7315
4.53887 , -16.6403 , 38.3801
4.11398 , -16.9588 , 37.9774
4.39752 , -16.5761 , 38.1222
2.97568 , -19.9448 , 39.4496
5.98521 , -19.5036 , 46.1724
3.99515 , -16.9827 , 38.5729
4.83988 , -17.1711 , 39.2336
4.28602 , -17.1852 , 38.961
4.10829 , -16.8069 , 37.6578
2.57657 , -19.7026 , 39.4108
3.17578 , -21.6068 , 43.4144
4.68887 , -17.5729 , 40.0375
2.46814 , -21.1309 , 42.1056
4.12917 , -16.8312 , 38.4149
4.27302 , -17.0323 , 38.4679
4.62156 , -17.3051 , 39.0319
4.32891 , -17.4072 , 40.1213
4.48925 , -17.4397 , 38.9966
4.48883 , -17.4764 , 38.8954
4.09686 , -17.0625 , 39.0793
3.39966 , -19.2672 , 38.8373
3.2922 , -18.8673 , 38.6127
2.69157 , -20.471 , 41.3885
3.34807 , -20.3099 , 40.9147
4.39651 , -17.615 , 40.8293
3.24736 , -19.0301 , 38.7291
4.31421 , -17.4972 , 40.8434
4.62291 , -17.3595 , 39.3886
4.52778 , -17.7187 , 40.9939
4.1543 , -16.8159 , 38.4804
4.21304 , -16.6954 , 38.4438
4.08189 , -17.0707 , 38.9959
3.25003 , -19.9341 , 39.9747
4.39535 , -17.2673 , 40.341
2.33949 , -20.188 , 39.9077
4.72753 , -17.4373 , 39.5682
4.48301 , -17.2642 , 39.1748
4.16018 , -17.1471 , 38.481
4.13512 , -17.0736 , 38.8131
4.33708 , -17.2998 , 38.7985
5.67069 , -19.6416 , 45.2326
4.30173 , -17.2673 , 38.4444
4.23903 , -17.1986 , 38.8886
4.62831 , -17.8193 , 40.8709
4.50301 , -17.5761 , 39.3152
4.25218 , -16.9756 , 39.1776
4.42737 , -17.5368 , 40.6553
2.93325 , -19.5093 , 39.8945
4.45877 , -17.5002 , 40.1311
4.47937 , -17.2789 , 39.1635
4.77842 , -17.4055 , 39.3811
4.16232 , -17.2428 , 39.2502
4.74381 , -17.4348 , 39.6001
4.71208 , -17.5303 , 39.7635
4.43439 , -17.4001 , 39.3193
4.68887 , -17.2188 , 39.0657
4.20155 , -17.3178 , 39.4849
5.12482 , -19.4615 , 45.1454
4.38691 , -17.6606 , 41.3014
4.04161 , -16.9221 , 38.7853
4.38988 , -17.5384 , 40.6551
4.25968 , -16.6243 , 38.9114
2.03734 , -20.3192 , 39.6814
4.65732 , -17.4285 , 39.5275
4.17627 , -16.9586 , 38.5098
4.0079 , -17.002 , 38.5926
4.39208 , -17.3607 , 38.7616
4.45787 , -17.5473 , 39.4863
4.11761 , -16.9551 , 38.4032
4.26017 , -17.1019 , 38.5072
2.86473 , -18.9449 , 38.4402
4.40791 , -17.4367 , 38.8017
5.70899 , -20.1555 , 46.1231
7.96881 , -20.5184 , 50.6364
3.27781 , -19.784 , 39.727
5.41084 , -18.6893 , 44.5499
5.84796 , -19.1628 , 45.0046
5.69747 , -19.8192 , 46.7965
2.69768 , -19.5328 , 39.6324
3.49232 , -20.5771 , 41.4751
2.67284 , -20.3806 , 39.3574
4.27602 , -17.3106 , 39.4061
2.11367 , -21.2028 , 39.9805
5.50509 , -18.9122 , 43.6985
4.76684 , -17.5938 , 41.3571
4.66652 , -17.5797 , 39.9909
5.62693 , -19.5952 , 44.5307
4.59041 , -17.5542 , 39.4727
6.57957 , -24.705 , 54.3081
5.61368 , -19.7483 , 45.2638
4.83826 , -17.6448 , 40.2052
4.6492 , -17.6207 , 40.9591
5.87129 , -19.9096 , 46.0679
4.73126 , -17.606 , 40.2294
5.89744 , -19.9307 , 45.5504
5.95521 , -19.2019 , 46.6633
4.85742 , -17.6666 , 40.2579
5.15061 , -18.0721 , 41.4501
5.2965 , -19.1511 , 44.5598
5.61561 , -18.9586 , 44.5932
4.54589 , -17.8469 , 40.8258
5.85072 , -19.2581 , 46.4604
5.20856 , -17.9875 , 41.4416
5.95236 , -19.8184 , 46.2409
4.46854 , -17.6689 , 40.7713
3.38496 , -20.3106 , 40.8329
2.66542 , -19.6581 , 39.9091
4.68916 , -17.8059 , 40.9569
6.62251 , -22.7542 , 52.5833
5.76754 , -19.393 , 45.3745
7.91543 , -20.675 , 50.6916
4.5689 , -17.2158 , 41.0767
4.49749 , -17.7657 , 41.1516
4.68049 , -17.773 , 39.9815
3.40799 , -20.0918 , 40.6619
5.44809 , -18.7243 , 44.7017
5.3233 , -18.1053 , 41.7975
4.4672 , -17.6631 , 40.8495
4.30911 , -17.5608 , 40.1106
3.40091 , -20.2604 , 40.771
6.08224 , -21.3135 , 48.5523
5.56579 , -18.852 , 44.7482
4.85106 , -17.8539 , 40.764
4.99963 , -17.9372 , 40.9146
6.05149 , -19.2425 , 45.5162
4.56924 , -17.6679 , 41.1516
6.19247 , -19.5451 , 46.6209
4.5095 , -17.8594 , 40.5516
5.80916 , -19.8799 , 45.3047
4.48738 , -17.7115 , 41.0523
4.48665 , -17.6556 , 40.9157
4.39625 , -17.7006 , 41.0835
5.61778 , -20.2642 , 47.5588
5.74146 , -19.5353 , 46.4546
6.05962 , -19.2216 , 45.6571
5.7521 , -20.187 , 47.6831
3.49753 , -20.1238 , 40.3424
6.17159 , -20.4202 , 47.8907
4.63915 , -17.9959 , 40.7244
6.64974 , -19.652 , 46.7295
6.25998 , -19.0786 , 46.5987
6.78902 , -21.1504 , 49.6055
7.33583 , -20.3107 , 49.0478
5.97697 , -20.3449 , 48.689
6.1378 , -20.5081 , 47.714
9.47543 , -35.8872 , 76.3622
5.53848 , -19.3564 , 45.6265
9.42335 , -29.7974 , 68.1005
6.65286 , -21.5654 , 49.6499
5.78981 , -20.2316 , 47.8815
6.47784 , -21.3612 , 48.9136
7.83197 , -31.6608 , 67.1294
5.96605 , -20.1393 , 46.8486
6.08515 , -19.4815 , 47.2318
6.02781 , -19.3001 , 46.6032
6.7448 , -26.4242 , 58.5714
6.09203 , -20.9171 , 47.8454
5.74094 , -19.2702 , 45.6572
5.7127 , -19.1944 , 44.6162
-0.83446 , -19.3148 , 36.7784
0.856032 , -17.426 , 34.536
1.20526 , -18.6372 , 37.4547
2.00488 , -13.6365 , 28.3521
0.906026 , -23.9544 , 46.4107
2.05567 , -13.7598 , 28.0957
1.81044 , -13.3704 , 26.7945
2.39865 , -12.6024 , 26.7028
3.41315 , -11.263 , 25.3868
2.75576 , -12.8186 , 28.711
-0.271965 , -17.095 , 32.7013
1.16831 , -18.7419 , 38.2042
2.22724 , -13.1803 , 27.9604
3.06914 , -13.3924 , 28.7988
2.56411 , -12.7028 , 28.1547
2.80291 , -13.6638 , 29.5974
1.98434 , -13.2933 , 28.5088
-0.202249 , -19.4989 , 38.9914
2.74794 , -14.4381 , 30.4351
2.34843 , -12.8462 , 27.2661
2.72344 , -13.7943 , 29.8069
2.98433 , -13.713 , 30.0562
2.26141 , -13.5863 , 28.6902
2.83122 , -13.9945 , 29.3432
1.93389 , -13.1642 , 27.3509
2.36837 , -12.9518 , 27.8762
2.62226 , -14.645 , 30.7507
2.5879 , -14.5789 , 30.5344
2.89754 , -13.7199 , 29.1126
2.22822 , -14.1331 , 30.1228
2.22834 , -13.9153 , 29.9362
2.3337 , -13.6892 , 28.9383
3.09223 , -14.0014 , 30.1527
2.80429 , -13.5098 , 29.4526
-0.498138 , -17.6409 , 31.9479
3.03336 , -13.5778 , 29.8794
3.70958 , -13.7333 , 30.4707
2.37675 , -13.7966 , 30.4562
2.43244 , -14.3429 , 30.7483
2.71501 , -14.6795 , 31.1755
2.52647 , -23.0537 , 46.9864
2.65936 , -13.9822 , 30.0697
1.41108 , -18.8127 , 38.5859
3.02024 , -12.9277 , 29.6408
2.62556 , -14.6485 , 30.3659
3.05583 , -13.2823 , 29.6054
4.92049 , -15.4736 , 34.4697
3.35021 , -14.5128 , 30.9619
1.83 , -19.0325 , 39.5421
3.33842 , -15.549 , 32.7965
-1.64295 , -18.7106 , 34.421
2.74743 , -14.4084 , 30.3754
2.91981 , -15.0578 , 32.7756
3.41681 , -13.313 , 29.85
2.29916 , -13.447 , 28.2593
1.70564 , -19.1503 , 37.919
2.81742 , -23.1478 , 47.5832
1.48899 , -18.5251 , 38.3934
3.51489 , -14.415 , 30.9743
3.42325 , -14.5637 , 31.1665
3.05345 , -13.5766 , 29.9145
2.50485 , -13.8694 , 29.5973
2.92095 , -13.3957 , 29.7642
0.21639 , -16.0611 , 30.3611
0.290186 , -16.7974 , 30.8451
3.03283 , -14.252 , 32.6164
-0.220717 , -15.9052 , 29.4567
2.72772 , -13.9651 , 30.2705
2.84838 , -13.8984 , 30.315
1.8086 , -17.9941 , 36.846
3.04903 , -15.5848 , 34.3052
2.51149 , -14.0731 , 29.8376
2.76539 , -14.5297 , 30.6289
2.83751 , -13.9061 , 30.2917
2.84312 , -14.4975 , 30.7614
2.70873 , -14.018 , 30.2233
2.83489 , -13.8427 , 30.0394
2.63231 , -13.9477 , 30.042
2.7432 , -13.5598 , 29.984
2.71005 , -14.2055 , 30.7323
3.98487 , -17.2457 , 39.0656
3.37186 , -15.3056 , 33.5169
3.12264 , -13.0494 , 29.4977
3.94458 , -14.8377 , 32.664
3.17409 , -13.4404 , 29.7774
2.93553 , -13.2773 , 29.6876
3.17978 , -15.3226 , 32.527
2.80471 , -13.8266 , 30.0472
3.13637 , -13.4411 , 29.7141
3.27482 , -15.3807 , 33.1039
2.85764 , -13.5082 , 29.5617
3.51501 , -13.727 , 30.2223
3.11521 , -13.4268 , 29.6734
0.21309 , -16.3821 , 30.7538
4.31537 , -17.9483 , 39.1327
1.38224 , -18.8692 , 37.6935
0.644352 , -20.9454 , 41.4894
2.93049 , -15.08 , 33.2978
2.90333 , -13.613 , 29.8721
2.5731 , -14.4539 , 30.4858
3.26101 , -13.729 , 31.0694
2.638 , -14.5651 , 31.1532
3.58614 , -15.6947 , 33.9645
3.70405 , -13.3164 , 30.378
3.19756 , -15.3882 , 34.0895
-0.666064 , -16.62 , 30.7813
3.19573 , -14.2527 , 30.9257
2.59795 , -14.0542 , 30.7603
3.11331 , -13.3976 , 29.7357
4.89274 , -15.3225 , 35.0764
-0.150405 , -16.7633 , 30.5116
2.94105 , -13.3668 , 29.8341
2.99489 , -15.2458 , 31.8654
3.14011 , -13.445 , 29.7332
2.83339 , -14.0379 , 30.5512
2.81056 , -13.802 , 30.0179
0.325316 , -16.0498 , 30.5414
3.08123 , -13.2478 , 29.98
2.89109 , -13.9054 , 30.2952
2.87739 , -13.716 , 30.5214
2.63963 , -14.1414 , 30.2104
2.50359 , -13.8679 , 30.5956
0.71637 , -17.4608 , 32.475
2.5478 , -13.9574 , 30.7433
0.501811 , -16.3621 , 31.844
2.67914 , -13.714 , 29.6899
2.86926 , -13.9098 , 30.3046
2.87375 , -13.7952 , 30.161
2.88653 , -13.6444 , 29.9118
2.67151 , -14.0945 , 31.2642
-0.429969 , -16.1675 , 29.7462
7.63684 , -15.1954 , 37.7771
2.58688 , -14.4071 , 30.7634
2.57793 , -13.8046 , 29.8678
2.44983 , -13.8287 , 30.6603
-1.42473 , -17.0831 , 30.9225
4.43993 , -14.9779 , 33.6976
3.53268 , -16.3314 , 36.4794
2.60135 , -13.6438 , 30.2202
2.76089 , -14.4945 , 31.348
2.63771 , -13.4958 , 29.854
3.62701 , -15.7215 , 34.1256
-0.122261 , -16.9637 , 30.441
3.26242 , -14.3976 , 31.1323
2.25561 , -14.1754 , 29.2445
3.12603 , -15.0471 , 32.1135
3.32771 , -15.4533 , 34.6413
2.60538 , -21.1095 , 42.1159
3.21634 , -15.4157 , 34.8271
3.39126 , -15.5274 , 33.9417
3.10209 , -14.4426 , 31.0165
2.90874 , -13.6361 , 29.9508
2.78267 , -13.553 , 30.0783
10.9631 , -17.9966 , 47.1717
0.52173 , -16.2732 , 31.7951
3.58073 , -14.4453 , 31.7023
2.93587 , -13.7566 , 30.3157
2.53055 , -14.188 , 30.0244
3.01342 , -13.589 , 29.8525
2.72711 , -14.141 , 30.4242
3.97537 , -15.9779 , 35.24
3.04373 , -13.5175 , 29.8495
3.66562 , -13.2792 , 30.2342
2.52952 , -13.706 , 30.1419
0.643229 , -16.0839 , 29.6733
2.20733 , -18.4287 , 37.8807
3.49959 , -15.6024 , 34.3727
3.1741 , -13.5629 , 30.151
3.75874 , -15.2047 , 34.2263
2.67995 , -14.438 , 30.6071
2.47466 , -14.0901 , 30.3635
2.50982 , -20.067 , 40.9667
2.53132 , -14.2312 , 30.277
2.56333 , -14.068 , 30.6315
0.876476 , -17.1063 , 31.8637
2.43275 , -14.0955 , 30.1226
0.383764 , -16.0464 , 30.3665
2.85055 , -13.9029 , 30.29
3.78679 , -14.1857 , 31.5812
2.50021 , -14.2929 , 30.168
3.29903 , -13.979 , 33.169
3.29804 , -15.0994 , 32.7591
4.71235 , -19.4139 , 42.4314
2.51835 , -13.6649 , 29.9716
3.73284 , -15.1983 , 33.5881
2.53369 , -14.012 , 30.4287
2.57229 , -14.0478 , 30.6827
0.369069 , -16.5852 , 32.213
2.60999 , -13.5898 , 30.069
0.646151 , -19.268 , 37.9082
0.855708 , -19.891 , 37.8862
2.80921 , -14.0417 , 30.491
2.89488 , -13.8194 , 30.1124
3.43943 , -15.7315 , 34.7572
3.06785 , -13.7397 , 30.5902
2.80346 , -14.5033 , 30.5287
2.8915 , -14.5388 , 32.4848
3.4332 , -14.7192 , 31.7658
1.74057 , -18.2678 , 35.4646
3.72893 , -15.6172 , 34.3407
2.68579 , -14.3909 , 30.3476
3.27355 , -15.0156 , 32.2437
3.04066 , -13.6886 , 30.5081
2.6329 , -13.731 , 29.7962
2.60691 , -13.6054 , 30.099
3.05169 , -14.6195 , 31.678
2.94798 , -14.4729 , 31.1254
2.89177 , -14.5019 , 32.5368
0.643935 , -16.5249 , 31.8381
2.41933 , -13.9089 , 30.3418
2.8764 , -13.793 , 30.167
2.54075 , -13.961 , 30.7173
3.10409 , -14.5976 , 32.3871
3.28422 , -13.7454 , 30.8508
2.81765 , -14.5717 , 32.252
2.85287 , -14.5039 , 32.2979
2.87165 , -14.5629 , 31.2049
3.35265 , -14.6559 , 31.2864
2.84443 , -14.1324 , 30.6919
2.98795 , -13.8217 , 30.3266
2.58462 , -13.7883 , 29.802
2.75562 , -13.7924 , 30.2933
3.12828 , -14.4061 , 30.9453
2.48135 , -14.097 , 30.6536
2.59481 , -14.2986 , 30.6818
0.647 , -16.3902 , 31.7171
2.70359 , -14.1396 , 31.0348
2.87232 , -13.8237 , 30.073
2.6175 , -14.0022 , 30.6662
2.7982 , -14.4769 , 32.0917
2.43589 , -14.0992 , 30.1247
3.09301 , -14.3492 , 32.0972
2.67407 , -14.5424 , 30.5329
3.04493 , -15.3732 , 34.1276
2.42933 , -14.2084 , 29.8601
2.76213 , -14.321 , 30.4455
3.53241 , -15.3215 , 33.6671
3.36932 , -14.894 , 32.2348
3.30302 , -14.636 , 31.2438
3.68487 , -16.2198 , 36.2627
3.10306 , -14.6862 , 31.682
2.79852 , -14.6333 , 31.1171
5.67072 , -24.4225 , 52.7704
3.13877 , -14.9334 , 32.9992
2.56003 , -14.2556 , 30.5621
3.01001 , -14.6833 , 32.3224
2.6364 , -14.3746 , 30.4323
2.67898 , -14.4737 , 30.4278
2.89343 , -14.6999 , 32.164
2.80686 , -20.0267 , 41.7966
2.46813 , -14.0946 , 30.3393
0.984433 , -17.0014 , 31.8785
0.989959 , -17.0061 , 31.9177
1.37547 , -18.3906 , 35.026
3.3943 , -15.092 , 33.1108
3.26937 , -14.817 , 31.512
5.02741 , -19.1084 , 43.0066
2.99373 , -14.5896 , 32.6929
2.54975 , -14.2296 , 30.3148
2.97654 , -14.6767 , 32.4666
2.51943 , -14.1813 , 30.0387
2.70258 , -14.0895 , 30.9301
2.45819 , -13.9978 , 30.4291
4.48441 , -17.5242 , 38.7972
4.19274 , -17.4951 , 40.1478
0.864157 , -16.7087 , 31.9847
4.54919 , -17.6929 , 38.6372
3.39363 , -15.0807 , 33.5172
1.68683 , -18.6751 , 35.5478
2.75043 , -14.5644 , 32.1673
3.7039 , -15.6181 , 34.303
4.80588 , -18.633 , 41.1175
2.76004 , -14.6241 , 32.0436
3.85235 , -16.3478 , 35.4858
3.25387 , -14.8189 , 31.4943
2.76811 , -14.6358 , 31.7896
2.77068 , -14.1695 , 31.049
3.15362 , -15.2453 , 33.5918
3.4338 , -14.866 , 32.3232
3.1512 , -14.6236 , 31.9508
3.44967 , -15.3251 , 34.3283
3.9614 , -16.0209 , 35.0687
4.11642 , -17.242 , 39.3265
3.58935 , -16.2702 , 35.2405
1.01222 , -5.34733 , 12.1604
1.20212 , -5.85147 , 11.9852
1.19965 , -5.96611 , 13.5564
1.25052 , -5.38823 , 11.486
-3.94757 , -13.5856 , 26.0578
1.08341 , -6.58306 , 13.5788
1.00316 , -6.1666 , 13.6609
1.17686 , -5.30754 , 11.8853
1.41937 , -7.75763 , 15.8332
2.31847 , -5.85283 , 16.3702
1.28041 , -5.99106 , 12.1368
1.06564 , -5.85424 , 12.8405
1.2672 , -5.77568 , 12.0654
1.57646 , -5.22552 , 11.5406
1.12124 , -5.21266 , 11.8359
1.62131 , -11.1244 , 23.3108
1.01862 , -6.28246 , 13.942
1.80153 , -5.50026 , 11.7653
1.19785 , -5.57246 , 11.6102
1.00641 , -5.24536 , 12.038
-2.56809 , -9.03836 , 15.1894
1.20876 , -6.48706 , 13.2078
1.19907 , -6.59769 , 13.4155
1.03973 , -6.34477 , 13.7168
-2.4299 , -9.4917 , 16.1396
1.42811 , -6.42581 , 12.6265
1.26859 , -6.75407 , 14.2022
-2.3833 , -8.98224 , 15.9435
0.941359 , -5.23986 , 11.8152
1.43178 , -6.42927 , 12.6303
1.18937 , -5.79738 , 11.681
1.1554 , -5.81933 , 11.8796
1.13883 , -6.14805 , 12.3953
1.27652 , -7.6806 , 16.7828
1.10853 , -5.68105 , 11.8971
1.2242 , -5.84628 , 12.0165
1.24748 , -6.55222 , 14.0843
1.29598 , -6.88952 , 14.5193
1.28077 , -7.03283 , 14.8375
-2.73283 , -9.78829 , 18.6168
0.94469 , -5.86435 , 11.5831
1.34215 , -7.05787 , 14.993
1.23927 , -5.63826 , 11.7113
1.01272 , -5.21458 , 11.5443
1.24099 , -5.93656 , 12.2046
1.00114 , -5.36474 , 12.148
1.06434 , -5.21058 , 11.6896
1.11574 , -5.54042 , 11.4321
1.28993 , -5.6718 , 11.6105
1.40728 , -5.10772 , 11.538
1.32124 , -5.74957 , 11.6552
1.15794 , -6.85322 , 14.8764
0.940008 , -5.9615 , 12.7256
1.69121 , -6.80669 , 15.4183
1.11811 , -6.53857 , 13.1643
1.19281 , -6.44761 , 13.2225
0.970181 , -5.67191 , 12.2274
1.04295 , -5.8803 , 12.8408
1.22927 , -6.2104 , 12.8016
-2.91434 , -10.2912 , 16.4795
1.03741 , -6.51786 , 13.7985
1.06454 , -5.61257 , 12.5208
1.1874 , -5.7349 , 12.1843
2.30384 , -8.88481 , 17.9277
1.04226 , -6.29432 , 13.7114
1.01385 , -6.1775 , 13.7236
1.31996 , -5.99377 , 11.973
1.09398 , -6.45525 , 12.866
1.27624 , -7.44425 , 15.618
0.991852 , -6.33088 , 12.751
1.14281 , -6.18058 , 12.6401
-1.78249 , -8.93871 , 15.0863
1.40305 , -7.15576 , 15.2286
1.21191 , -7.17118 , 15.2536
1.39469 , -6.07866 , 12.0921
1.19978 , -6.35027 , 12.9609
1.18675 , -5.84349 , 11.9536
1.36451 , -8.07666 , 17.0604
1.13876 , -6.23274 , 12.7293
-2.26783 , -9.64447 , 16.17
1.30358 , -7.1601 , 15.2463
1.2346 , -7.7047 , 15.9044
3.62829 , -8.55017 , 18.8078
-2.56313 , -21.0263 , 36.5428
1.52689 , -7.0971 , 14.7416
1.7109 , -6.78761 , 14.9256
1.33416 , -8.08302 , 16.701
1.51678 , -6.668 , 14.9236
1.20125 , -7.12481 , 15.7744
1.05113 , -6.35303 , 13.1152
1.24437 , -7.15894 , 15.6346
1.14257 , -6.20736 , 12.7286
1.2281 , -6.92519 , 15.1857
1.88138 , -7.26877 , 15.4472
1.53968 , -6.7773 , 15.059
1.14663 , -7.04552 , 15.3928
-2.12729 , -8.73632 , 15.0241
1.49349 , -8.02293 , 17.8639
1.67635 , -7.39044 , 15.5886
1.45328 , -7.89459 , 16.6547
1.20021 , -7.05943 , 15.5857
1.33865 , -7.17574 , 15.3005
1.00442 , -6.36326 , 13.6167
1.24671 , -7.03132 , 14.7766
1.72762 , -6.83878 , 14.9693
1.17372 , -7.29517 , 15.7298
1.36052 , -6.99843 , 15.1947
1.28344 , -6.91074 , 15.0451
1.56807 , -6.92942 , 15.0297
1.12221 , -6.52159 , 13.2113
1.22779 , -6.1718 , 12.5313
1.04107 , -6.47087 , 13.0184
1.10464 , -6.59364 , 13.7271
1.36987 , -7.21207 , 14.7915
1.00665 , -6.36513 , 13.5806
1.16884 , -6.47617 , 13.1276
1.24862 , -6.9146 , 15.209
1.39321 , -8.18233 , 16.636
-1.36404 , -9.1475 , 15.7412
-1.42944 , -8.5287 , 14.944
-7.9577 , -63.0121 , 113.509
1.48207 , -7.64581 , 15.8776
1.4437 , -7.82508 , 16.2107
1.09839 , -7.01321 , 15.3694
1.36633 , -7.66784 , 15.6334
1.00568 , -6.36511 , 13.62
1.148 , -6.73497 , 14.5271
0.998729 , -6.03944 , 13.0397
0.973525 , -5.99741 , 12.8918
1.19079 , -7.13327 , 15.4545
2.04733 , -6.75812 , 15.0812
1.26086 , -7.21539 , 15.6826
-2.03872 , -8.66878 , 14.9474
1.39933 , -7.88833 , 16.4433
1.19274 , -6.48255 , 13.1762
1.09159 , -6.89061 , 14.7632
1.15776 , -6.89048 , 14.9504
0.983624 , -12.181 , 23.804
-0.889761 , -7.92946 , 14.1684
1.46358 , -7.7628 , 16.1547
1.36889 , -7.8549 , 15.9288
1.33653 , -7.91057 , 17.1736
1.25467 , -7.76384 , 15.6423
1.43619 , -7.91031 , 16.1879
2.57688 , -12.3583 , 27.0743
1.24769 , -7.59405 , 16.0227
1.82456 , -8.29455 , 16.8057
1.82753 , -7.31351 , 15.5534
1.21146 , -7.05397 , 15.5987
1.6666 , -7.82005 , 15.8468
1.11531 , -7.45629 , 15.5048
1.12161 , -7.48261 , 15.8787
1.4238 , -7.60252 , 15.951
1.47244 , -7.61271 , 15.8248
1.23201 , -7.29053 , 15.9102
1.19227 , -7.0598 , 15.5623
-0.876019 , -8.95384 , 15.1167
1.29026 , -6.87522 , 14.4653
1.21188 , -7.28283 , 15.2989
1.83907 , -6.75445 , 14.8758
1.45147 , -7.43635 , 15.3991
1.31688 , -7.16872 , 15.2897
1.5714 , -8.08976 , 16.8059
1.29297 , -7.91977 , 17.2935
1.48216 , -7.76493 , 16.182
1.50854 , -8.05494 , 16.6559
1.43516 , -8.21984 , 17.0582
1.22376 , -7.59935 , 15.9315
1.29167 , -7.33971 , 15.9931
1.80055 , -7.76009 , 18.2388
1.14098 , -7.34846 , 14.791
1.04985 , -7.36407 , 15.474
1.47397 , -7.58605 , 15.7692
1.47267 , -7.69814 , 16.0237
1.37785 , -7.79527 , 16.0572
1.26275 , -8.16748 , 16.4581
1.40203 , -7.44569 , 15.4975
1.50897 , -7.66464 , 15.9248
-1.13753 , -9.3711 , 15.3012
1.35109 , -7.13992 , 15.1737
1.27351 , -7.20183 , 15.4425
1.50931 , -7.79299 , 16.0771
2.22243 , -7.28456 , 15.6812
1.23503 , -7.00907 , 15.4019
1.17428 , -7.11235 , 15.7015
-1.71131 , -8.80567 , 15.3007
1.1802 , -12.2496 , 25.2669
-1.35623 , -9.71391 , 15.4747
1.76956 , -7.45383 , 16.1573
1.60569 , -8.17068 , 17.0693
1.7009 , -8.18709 , 16.7043
1.24405 , -7.78133 , 15.9772
1.18632 , -7.52159 , 15.7179
1.67929 , -8.15935 , 16.7496
1.54732 , -7.03989 , 15.1829
-2.285 , -23.5836 , 44.6978
1.32323 , -7.81898 , 15.8481
1.35142 , -7.92725 , 17.237
1.7533 , -8.06675 , 16.2773
1.39987 , -7.95049 , 17.8652
1.44049 , -7.83739 , 17.3437
-1.57583 , -8.6594 , 15.1037
1.51699 , -6.80604 , 15.1274
-0.893313 , -8.79394 , 15.6455
-0.801901 , -9.12712 , 15.8425
1.44843 , -7.88995 , 16.6443
1.39615 , -7.81392 , 16.1157
1.81258 , -8.2882 , 16.7849
1.11186 , -7.50869 , 15.9105
1.07907 , -7.61148 , 15.6011
1.44973 , -7.58321 , 15.7254
1.38234 , -7.89532 , 16.8343
2.02842 , -8.45292 , 17.2901
1.26653 , -7.92373 , 17.3893
1.35706 , -7.86352 , 16.4186
1.37561 , -8.02606 , 17.0007
1.22275 , -7.12902 , 15.8436
1.39045 , -7.88956 , 16.1152
1.37636 , -7.17089 , 15.3605
1.33435 , -7.9099 , 16.7186
1.72773 , -8.03649 , 16.2525
-1.06281 , -8.80527 , 15.1313
1.74937 , -8.05347 , 16.2972
1.35168 , -7.56633 , 16.198
1.71104 , -8.43134 , 17.6104
1.8768 , -8.53664 , 17.3171
1.72977 , -8.45495 , 17.4849
1.37636 , -7.86245 , 16.8419
1.06109 , -7.71829 , 16.1219
1.38349 , -7.85231 , 16.1659
1.21795 , -7.46505 , 15.791
1.84341 , -9.22474 , 19.5874
1.32237 , -7.43621 , 15.9777
1.56595 , -8.0532 , 16.7601
1.75953 , -8.06442 , 16.3775
1.40735 , -7.59136 , 15.9442
2.06877 , -9.51397 , 20.5197
1.78499 , -8.24204 , 16.6643
1.36584 , -7.48484 , 15.8297
1.48837 , -7.9664 , 16.7336
1.54727 , -7.82267 , 16.0674
2.00134 , -8.57017 , 17.7291
2.08456 , -9.64222 , 20.7874
1.11321 , -7.80865 , 16.0875
1.14924 , -7.88197 , 16.0135
-1.12465 , -9.01089 , 15.8636
1.42799 , -7.99054 , 16.7035
-1.28605 , -9.30692 , 16.5746
1.42937 , -7.91129 , 16.1793
1.15335 , -7.7826 , 15.8275
1.65659 , -8.41223 , 17.4886
1.42154 , -7.8007 , 16.1396
1.46073 , -7.92029 , 16.6026
1.8612 , -8.49848 , 17.2263
1.27608 , -7.67952 , 16.2261
1.44809 , -7.91112 , 16.175
1.04502 , -7.79046 , 15.9121
1.65496 , -8.26806 , 17.3014
-4.62525 , -37.0403 , 62.087
1.3869 , -7.60368 , 16.3496
1.70337 , -8.20752 , 16.8534
1.6453 , -7.94988 , 16.7581
2.02462 , -7.15613 , 17.6774
1.30967 , -7.83127 , 16.0097
1.80494 , -8.08194 , 16.3577
1.25423 , -8.07416 , 16.4873
1.71404 , -8.58471 , 17.8808
1.76255 , -8.09777 , 16.4082
1.65917 , -8.18442 , 16.8079
1.4211 , -8.0774 , 17.6496
1.2053 , -7.60732 , 16.3407
1.47921 , -7.85183 , 16.3174
-1.19716 , -9.28159 , 16.7022
2.19206 , -12.2445 , 25.2232
1.88595 , -8.54299 , 17.3352
-1.01218 , -19.3487 , 35.4424
1.39256 , -7.70101 , 16.9495
-3.32643 , -24.661 , 45.1337
-0.717222 , -15.179 , 28.716
1.14996 , -7.7127 , 16.3725
1.71553 , -8.18261 , 16.8
1.42597 , -7.59559 , 16.4147
1.36208 , -7.95044 , 17.4739
1.39812 , -7.89793 , 16.1563
1.10672 , -7.84726 , 16.1329
-1.26015 , -9.29596 , 16.3559
1.24535 , -7.91818 , 17.2141
1.75133 , -8.24451 , 16.8795
1.46905 , -12.2608 , 24.8386
1.44805 , -7.9464 , 17.9952
1.71239 , -13.0531 , 26.1699
1.65928 , -8.44157 , 18.2322
1.74768 , -8.47389 , 17.3534
1.57004 , -8.27794 , 17.3823
1.81667 , -12.0718 , 24.8603
1.14584 , -8.0628 , 16.6459
1.3592 , -7.82238 , 17.0926
2.10534 , -8.74574 , 17.9214
3.01514 , -13.395 , 29.449
1.22829 , -13.2364 , 26.1288
1.678 , -8.2827 , 17.3661
-0.567357 , -15.2462 , 28.9982
1.89646 , -12.6555 , 26.1092
1.50469 , -12.3954 , 25.096
2.49544 , -12.7881 , 26.7302
1.95601 , -11.9379 , 25.4738
1.83585 , -13.0279 , 26.9009
-5.49451 , -55.0422 , 100.766
-0.315918 , -15.0695 , 28.8385
1.42505 , -12.1523 , 24.5164
1.31596 , -12.9888 , 25.735
2.9699 , -13.7304 , 28.7607
2.08049 , -14.1913 , 29.1502
1.77463 , -13.4476 , 28.3463
1.82874 , -13.5785 , 28.7134
2.05168 , -14.0953 , 28.8967
2.42462 , -12.5392 , 27.6042
1.53927 , -12.8455 , 25.8692
14.7072 , -14.325 , 43.2535
1.74881 , -13.1621 , 27.9259
2.33299 , -12.8764 , 27.2363
1.87693 , -13.6122 , 27.8246
5.9505 , -11.3961 , 27.6832
1.08655 , -0.788898 , 2.50534
1.34287 , -1.02675 , 2.48186
1.45776 , -0.634115 , 1.93457
0.819248 , -1.2752 , 2.69114
1.34505 , -1.08042 , 2.21744
1.3971 , -0.923968 , 2.22249
1.0817 , -0.782302 , 2.49398
0.888355 , -0.788381 , 2.32433
1.19262 , -0.788669 , 2.3383
0.899721 , -1.35235 , 3.0456
0.993054 , -1.303 , 2.81514
1.18759 , -1.40716 , 2.92388
1.09528 , -0.838774 , 2.74841
0.880741 , -0.787912 , 2.38382
1.1857 , -1.06174 , 2.55528
1.18067 , -1.11863 , 2.39154
1.29866 , -1.00614 , 2.41968
1.48438 , -1.81792 , 3.20196
-3.03205 , -9.32572 , 17.5258
1.14521 , -0.838546 , 2.60513
0.851446 , -1.12443 , 2.42113
1.21433 , -1.08007 , 2.60906
0.901113 , -1.3068 , 3.66745
1.0896 , -0.826764 , 2.72179
1.12345 , -1.20205 , 2.64883
1.01217 , -0.902424 , 2.85118
1.25813 , -0.725816 , 2.25636
0.990292 , -0.733244 , 2.32984
0.851501 , -4.37836 , 10.0659
0.973596 , -1.01553 , 3.0463
1.19823 , -1.03995 , 2.48629
0.866596 , -1.80255 , 3.75942
0.747765 , -1.28962 , 2.98091
0.82888 , -0.833444 , 1.91453
-0.468467 , -9.93933 , 19.5372
1.16292 , -1.21509 , 2.65362
0.834182 , -1.79972 , 3.64532
0.847122 , -0.781066 , 1.91889
0.923775 , -1.07107 , 3.24083
0.977552 , -0.992427 , 3.14368
1.28535 , -1.0226 , 2.40747
-1.53371 , -6.73831 , 14.2909
0.952897 , -1.129 , 3.49501
1.19366 , -1.14548 , 2.69426
1.28271 , -0.976716 , 2.37362
0.910013 , -1.46847 , 3.12796
1.20898 , -1.08286 , 2.54937
0.837596 , -1.7326 , 3.29874
0.930488 , -1.4685 , 3.4748
0.763054 , -1.29831 , 3.02515
0.853771 , -1.35372 , 3.39151
0.8754 , -1.42943 , 3.89973
0.987745 , -2.12287 , 4.33526
1.27402 , -4.13488 , 8.47945
0.943853 , -1.27551 , 3.07512
0.910975 , -1.35831 , 3.06523
0.839286 , -1.27358 , 3.06569
0.871089 , -1.33862 , 2.99434
0.928261 , -1.26502 , 3.41334
1.09198 , -4.02939 , 8.58504
0.934943 , -1.26962 , 3.42199
1.22593 , -1.08247 , 2.62393
0.949741 , -1.42828 , 3.05956
0.764098 , -2.17681 , 4.30721
1.1865 , -0.839567 , 2.71015
1.22297 , -0.866463 , 2.74414
-3.87042 , -11.8731 , 22.158
0.984332 , -1.57943 , 3.05951
0.92194 , -1.47601 , 3.13587
0.900271 , -2.20639 , 4.7611
0.767505 , -1.19373 , 3.27221
0.980509 , -1.61391 , 3.16476
0.87399 , -1.78863 , 3.9037
1.08357 , -1.45503 , 2.85366
-4.37769 , -13.1629 , 24.6653
0.866529 , -2.23375 , 5.43999
0.841779 , -1.64908 , 4.29786
0.88857 , -1.55764 , 3.37508
0.848252 , -1.50971 , 3.25751
1.27109 , -4.09353 , 9.99815
0.9778 , -1.57529 , 3.04209
-5.25893 , -14.0707 , 28.3415
1.28758 , -3.89759 , 9.35445
0.860501 , -0.844976 , 2.34231
0.937467 , -1.42378 , 3.03943
0.98041 , -6.09244 , 13.7336
0.806284 , -1.87843 , 4.80581
1.26654 , -3.86451 , 9.23948
0.853421 , -1.84306 , 3.95991
0.958753 , -0.977821 , 3.0545
0.978923 , -2.29449 , 4.80373
0.898864 , -0.967844 , 3.29671
1.10299 , -1.47357 , 2.89067
0.853934 , -1.18858 , 2.99505
-2.60623 , -15.3716 , 29.8257
0.778439 , -1.69515 , 4.30531
-2.05978 , -9.85089 , 18.0184
0.831046 , -1.98286 , 4.47725
0.92465 , -2.07774 , 5.1002
1.05392 , -2.28923 , 4.82959
0.927614 , -1.86662 , 4.96896
0.868075 , -1.46295 , 3.94551
-3.82868 , -10.3026 , 21.4486
0.904158 , -2.37075 , 5.10953
1.08376 , -4.02926 , 8.16618
0.899735 , -2.28444 , 4.64596
1.45113 , -3.51599 , 7.28068
0.879836 , -1.09778 , 3.29478
0.933957 , -1.5854 , 4.11717
0.923359 , -2.27349 , 4.72052
0.889502 , -1.23812 , 3.28203
0.889845 , -1.47606 , 3.99591
0.9463 , -1.90159 , 4.20836
0.877439 , -2.12282 , 4.69812
0.850493 , -1.56865 , 4.14193
0.910439 , -2.01764 , 5.37212
0.99053 , -5.12926 , 11.9351
0.903872 , -2.34448 , 5.31351
0.840043 , -1.83328 , 5.02869
0.893007 , -1.54517 , 4.03601
1.01255 , -2.40198 , 5.15572
0.887346 , -2.01891 , 5.04825
0.933446 , -1.89042 , 4.16197
0.866733 , -2.17766 , 4.83467
-3.26505 , -9.46844 , 17.3304
1.47628 , -5.08215 , 11.529
0.88729 , -2.03353 , 5.20244
0.869177 , -1.82259 , 4.71061
1.22647 , -2.06376 , 4.28788
0.849972 , -1.79954 , 4.62129
0.932102 , -2.40715 , 5.1951
0.979641 , -5.93899 , 11.9631
1.18896 , -2.98857 , 7.11619
0.915183 , -2.13655 , 5.24972
0.943962 , -2.35271 , 5.00266
0.856873 , -1.82199 , 3.97221
0.815835 , -2.21111 , 4.43652
1.1349 , -3.07124 , 6.18059
1.05257 , -5.22084 , 12.1616
1.26742 , -1.85453 , 3.81349
-2.21712 , -10.2073 , 19.7487
1.68818 , -3.07271 , 7.63341
0.969478 , -3.18219 , 7.33197
0.897615 , -2.01293 , 5.32844
1.19098 , -3.06898 , 6.36845
1.3821 , -3.45178 , 7.23319
0.888304 , -1.87563 , 5.22944
1.02365 , -2.30416 , 4.88387
0.91687 , -2.26939 , 5.17017
0.73939 , -12.6731 , 24.8149
0.909336 , -2.11767 , 4.57744
0.758229 , -1.76529 , 3.73574
0.8955 , -2.00304 , 5.19956
0.91243 , -2.13458 , 5.24736
0.898297 , -2.10674 , 4.55355
1.23585 , -3.18042 , 7.11714
1.04494 , -2.30611 , 4.67791
0.827758 , -1.7249 , 4.43028
1.1308 , -5.13402 , 10.9655
0.849258 , -2.16115 , 4.62395
1.34959 , -2.8186 , 6.74329
1.68969 , -2.83655 , 6.64314
1.25177 , -3.04104 , 6.79431
1.73297 , -3.76151 , 7.86056
1.502 , -3.65173 , 7.2358
1.85121 , -3.32326 , 7.52457
1.73701 , -2.8793 , 7.1033
0.870728 , -2.14754 , 4.93616
1.54709 , -3.3814 , 7.23073
0.910682 , -2.00104 , 5.25392
1.04719 , -2.94284 , 6.87725
0.893633 , -2.19629 , 4.76503
1.03947 , -2.30365 , 4.6697
1.34486 , -4.21692 , 10.0888
1.2983 , -3.26005 , 8.07611
1.37508 , -3.39904 , 8.3565
0.880563 , -5.10273 , 11.3648
1.55549 , -3.48601 , 7.45145
-2.99077 , -10.3561 , 17.2766
1.42005 , -3.12287 , 7.83802
1.33273 , -4.24279 , 8.96942
1.61196 , -3.01234 , 6.45792
0.766997 , -2.07088 , 4.39716
1.38148 , -5.7889 , 11.7545
0.989818 , -2.29575 , 4.8166
1.29814 , -3.26401 , 8.07847
1.49135 , -3.64346 , 7.99703
1.27278 , -2.77448 , 6.55755
1.30545 , -3.01142 , 7.39303
1.33326 , -4.87674 , 10.8853
-4.55364 , -12.6593 , 23.5909
1.465 , -3.62326 , 7.93956
0.842906 , -1.8485 , 4.67888
1.52425 , -3.29832 , 7.59396
1.69797 , -3.70246 , 7.8161
0.848128 , -1.87512 , 5.0147
1.52069 , -3.45093 , 7.34287
1.4786 , -3.5862 , 7.57064
1.77568 , -2.89498 , 7.17412
1.6326 , -3.04666 , 7.50477
0.954942 , -2.06948 , 4.79387
0.953113 , -2.35033 , 5.43557
1.13279 , -2.49496 , 5.5605
1.20371 , -2.62244 , 5.99826
1.50325 , -3.20214 , 7.45742
1.87995 , -3.71887 , 8.02066
-5.27279 , -30.1041 , 53.6695
1.19976 , -3.84764 , 8.15693
-1.95636 , -8.76954 , 17.1154
1.37125 , -3.07333 , 7.59901
1.58831 , -3.08661 , 7.59583
1.82095 , -4.2488 , 9.02325
1.72651 , -5.38505 , 11.3872
1.36085 , -3.39892 , 8.3104
1.58661 , -4.52896 , 9.79894
1.45643 , -3.27704 , 8.17104
1.61685 , -3.65637 , 7.67047
1.87813 , -2.98566 , 7.53239
1.20155 , -3.4711 , 7.35262
1.38301 , -3.35322 , 8.15402
1.36512 , -5.74731 , 12.7775
1.235 , -6.33864 , 12.4163
1.65058 , -3.00625 , 7.49984
1.57432 , -3.65335 , 7.78298
1.12712 , -5.16174 , 9.95664
2.37126 , -6.97105 , 14.5238
1.4968 , -3.81151 , 9.40114
1.34446 , -5.81168 , 11.3486
1.54433 , -4.10181 , 10.1616
1.37926 , -4.23998 , 10.1676
1.79871 , -4.33372 , 9.36885
1.81933 , -3.27484 , 7.38463
-4.13294 , -32.1376 , 58.8164
1.64795 , -5.07277 , 11.7202
1.55886 , -5.09463 , 11.701
1.17046 , -5.82977 , 11.7567
1.79159 , -5.01855 , 11.7224
1.45609 , -3.42396 , 8.31442
1.99237 , -5.09845 , 11.6405
1.50457 , -5.2554 , 11.7648
1.31215 , -3.93587 , 9.37175
1.07859 , -6.32879 , 12.8226
1.34755 , -3.43115 , 8.14432
1.28542 , -4.20092 , 9.71666
1.47919 , -3.42098 , 8.35183
1.82618 , -5.56738 , 11.7049
1.81076 , -4.44673 , 9.58335
-2.80657 , -9.14182 , 16.5808
1.72798 , -4.28702 , 9.21805
1.43387 , -5.80856 , 11.8936
1.06734 , -5.4408 , 12.0908
1.56235 , -4.72222 , 10.6928
1.77034 , -4.95685 , 11.1156
1.07702 , -3.69396 , 8.33714
1.37681 , -4.23252 , 10.1731
1.48183 , -3.27442 , 8.21166
1.82383 , -5.50619 , 11.6996
1.69382 , -4.27902 , 9.16896
1.54292 , -4.15454 , 9.08129
1.5246 , -3.37663 , 8.41388
1.11801 , -5.03588 , 10.9918
1.32602 , -4.19426 , 10.0406
1.59714 , -5.05624 , 11.5567
1.94396 , -5.61231 , 11.8096
1.52943 , -6.13765 , 12.1325
1.45663 , -4.36195 , 10.3603
1.44498 , -4.39232 , 10.2857
1.51685 , -4.09256 , 10.0958
1.41242 , -5.54054 , 11.6548
1.37295 , -4.17326 , 9.78507
-2.2768 , -10.4623 , 20.204
1.3404 , -4.24254 , 10.0702
1.9346 , -4.99148 , 11.7876
1.53038 , -4.5053 , 9.6952
1.88283 , -11.4827 , 24.1893
1.36826 , -7.54003 , 15.4393
2.04473 , -5.56291 , 12.0531
1.29941 , -5.2212 , 11.6671
1.68357 , -5.1132 , 11.794
1.45822 , -4.36492 , 10.3491
1.56041 , -5.91851 , 11.9234
1.82418 , -5.5717 , 11.6219
1.53059 , -5.60426 , 11.8965
1.87564 , -4.09254 , 10.6761
1.78722 , -5.22291 , 11.7146
1.38525 , -4.2005 , 10.1767
1.47932 , -6.81966 , 13.5191
2.23437 , -5.21168 , 11.6138
1.4977 , -5.13991 , 11.7707
1.80909 , -5.48344 , 11.6757
1.87954 , -5.44711 , 11.708
-2.04401 , -9.57255 , 18.095
1.3997 , -5.36799 , 11.7564
1.26196 , -6.62645 , 13.5748
1.2059 , -7.87773 , 17.3548
1.12919 , -6.63525 , 13.9195
0.901452 , -5.78973 , 12.3539
1.38827 , -6.65683 , 13.7654
1.26362 , -7.88411 , 17.4122
1.11342 , -6.2475 , 13.7438
-2.40284 , -9.34581 , 15.5505
0.965106 , -5.35326 , 10.9015
1.1658 , -7.12793 , 14.2352
1.7355 , -5.01758 , 11.6273
1.07532 , -5.66973 , 11.9166
1.05805 , -5.43041 , 12.0305
1.29932 , -5.93778 , 12.0994
1.736 , -5.22909 , 11.6697
1.27816 , -5.62899 , 11.3884
1.04238 , -7.34203 , 15.8719
1.19111 , -5.27397 , 11.6456
1.35537 , -7.69796 , 15.5765
-2.00303 , -9.36761 , 16.5031
1.40944 , -5.66834 , 11.8406
1.02594 , -5.68418 , 12.3999
1.14318 , -5.22116 , 11.9131
1.07596 , -5.82087 , 12.8037
-3.3634 , -9.92098 , 17.3865
1.16177 , -7.04814 , 15.4341
2.29245 , -5.22731 , 11.7064
1.47324 , -5.54052 , 11.7136
1.31644 , -5.71519 , 11.6216
0.982838 , -5.43474 , 11.0154
1.63794 , -5.02937 , 11.5231
1.37282 , -5.34701 , 11.6795
-2.10887 , -9.30151 , 15.9496
1.84979 , -5.67309 , 11.8573
1.32556 , -5.5112 , 11.6129
1.50938 , -5.40078 , 11.1701
1.834 , -6.08745 , 13.1257
1.05879 , -5.42973 , 12.0413
1.06766 , -6.16701 , 13.4771
1.21555 , -6.20397 , 12.7675
1.22339 , -5.8921 , 11.8952
-1.89219 , -9.13811 , 17.2044
1.21285 , -5.70938 , 11.8807
1.80425 , -5.27071 , 12.0356
1.18099 , -6.38496 , 12.9557
1.10875 , -5.29698 , 11.6983
1.63348 , -5.81083 , 11.7215
1.05125 , -5.43629 , 12.04
-2.68454 , -9.58605 , 16.0268
