,0,0
0,0.429296,0.587234
1,0.907031,1.71608
2,1.45776,1.93457
3,0.82888,1.91453
4,0.847122,1.91889
5,0.884124,2.49315
6,0.900927,2.14836
7,0.956288,2.21488
8,0.971817,2.46108
9,0.996762,2.83533
10,0.777623,2.2779
11,0.834997,2.55632
12,0.996215,2.71139
13,0.7847,2.85666
14,0.840644,2.53832
15,0.837689,2.77039
16,0.669447,2.73776
17,0.668694,2.74214
18,0.709524,2.95706
19,0.721265,2.98373
20,0.712417,2.84407
21,0.702011,2.89278
22,0.452675,2.93114
23,1.08655,2.50534
24,1.34287,2.48186
25,0.819248,2.69114
26,1.34505,2.21744
27,1.3971,2.22249
28,1.0817,2.49398
29,0.888355,2.32433
30,1.19262,2.3383
31,0.993054,2.81514
32,1.18759,2.92388
33,1.09528,2.74841
34,0.880741,2.38382
35,1.1857,2.55528
36,1.18067,2.39154
37,1.29866,2.41968
38,1.14521,2.60513
39,0.851446,2.42113
40,1.21433,2.60906
41,1.0896,2.72179
42,1.12345,2.64883
43,1.01217,2.85118
44,1.25813,2.25636
45,0.990292,2.32984
46,1.19823,2.48629
47,0.747765,2.98091
48,1.16292,2.65362
49,1.28535,2.40747
50,1.19366,2.69426
51,1.28271,2.37362
52,1.20898,2.54937
53,0.871089,2.99434
54,1.22593,2.62393
55,1.1865,2.71015
56,1.22297,2.74414
57,1.08357,2.85366
58,0.860501,2.34231
59,1.10299,2.89067
60,0.853934,2.99505
61,0.889626,3.32055
62,0.892063,3.53642
63,0.849375,3.59288
64,0.909498,3.37024
65,0.91113,3.17971
66,0.913132,3.23034
67,0.900688,3.34081
68,0.911348,3.18986
69,0.874032,3.4981
70,0.920031,3.28975
71,0.911184,3.48522
72,0.897241,3.22567
73,0.935906,3.33009
74,0.885605,3.25286
75,0.904492,3.41568
76,0.849598,3.66199
77,0.900403,3.23639
78,0.832943,3.12318
79,0.840641,3.15163
80,0.909165,3.3961
81,0.850418,3.9778
82,0.994251,3.06301
83,0.89297,3.32814
84,0.860246,3.6237
85,0.878537,3.41109
86,0.908864,3.36328
87,0.87522,3.33725
88,0.851534,3.26128
89,0.872155,3.99076
90,0.8672,3.0252
91,0.873273,3.33656
92,0.904893,3.47427
93,0.843131,3.3693
94,0.72969,3.05662
95,0.741256,3.08217
96,0.731119,3.09316
97,0.635598,3.09147
98,0.748988,3.55162
99,0.7751,3.80573
100,0.785411,3.82643
101,0.78519,3.22302
102,0.719359,3.01323
103,0.797869,3.49935
104,0.730041,3.02934
105,0.688057,3.37157
106,0.706983,3.77533
107,0.707945,3.88938
108,0.678023,3.74026
109,0.899721,3.0456
110,1.48438,3.20196
111,0.901113,3.66745
112,0.973596,3.0463
113,0.866596,3.75942
114,0.834182,3.64532
115,0.923775,3.24083
116,0.977552,3.14368
117,0.952897,3.49501
118,0.910013,3.12796
119,0.837596,3.29874
120,0.930488,3.4748
121,0.763054,3.02515
122,0.853771,3.39151
123,0.8754,3.89973
124,0.943853,3.07512
125,0.910975,3.06523
126,0.839286,3.06569
127,0.928261,3.41334
128,0.934943,3.42199
129,0.949741,3.05956
130,0.984332,3.05951
131,0.92194,3.13587
132,0.767505,3.27221
133,0.980509,3.16476
134,0.87399,3.9037
135,0.88857,3.37508
136,0.848252,3.25751
137,0.9778,3.04209
138,0.937467,3.03943
139,0.853421,3.95991
140,0.958753,3.0545
141,0.898864,3.29671
142,0.868075,3.94551
143,0.879836,3.29478
144,0.889502,3.28203
145,0.889845,3.99591
146,0.856873,3.97221
147,1.26742,3.81349
148,0.758229,3.73574
149,0.831693,4.81412
150,0.766709,4.26103
151,0.904802,4.38186
152,0.829006,4.36495
153,0.882888,4.37039
154,1.08827,4.88573
155,0.960879,4.08157
156,0.940946,4.1477
157,0.826323,4.14112
158,0.919885,4.87141
159,0.927868,4.22237
160,0.88075,4.55957
161,0.841947,4.49494
162,0.873253,4.70326
163,0.795342,4.2451
164,0.8352,4.91639
165,0.802694,4.37477
166,0.805687,4.38288
167,0.835293,4.40667
168,0.791377,4.3943
169,0.816227,4.54128
170,0.812659,4.50448
171,0.89943,4.83479
172,0.814703,4.35114
173,0.824882,4.67799
174,0.826534,4.68082
175,0.857872,4.68049
176,0.807328,4.45575
177,0.814505,4.52373
178,0.821735,4.56902
179,0.801179,4.43097
180,0.836523,4.59599
181,0.877999,4.98769
182,0.831284,4.69284
183,0.878068,4.75607
184,0.735201,4.91957
185,0.76894,4.98974
186,0.736824,4.89339
187,0.748159,4.9371
188,0.714021,4.71502
189,0.987745,4.33526
190,0.764098,4.30721
191,0.900271,4.7611
192,0.841779,4.29786
193,0.806284,4.80581
194,0.978923,4.80373
195,0.778439,4.30531
196,0.831046,4.47725
197,1.05392,4.82959
198,0.927614,4.96896
199,0.899735,4.64596
200,0.933957,4.11717
201,0.923359,4.72052
202,0.9463,4.20836
203,0.877439,4.69812
204,0.850493,4.14193
205,0.893007,4.03601
206,0.933446,4.16197
207,0.866733,4.83467
208,0.869177,4.71061
209,1.22647,4.28788
210,0.849972,4.62129
211,0.815835,4.43652
212,1.02365,4.88387
213,0.909336,4.57744
214,0.898297,4.55355
215,1.04494,4.67791
216,0.827758,4.43028
217,0.849258,4.62395
218,0.870728,4.93616
219,0.893633,4.76503
220,1.03947,4.6697
221,0.766997,4.39716
222,0.989818,4.8166
223,0.842906,4.67888
224,0.954942,4.79387
225,0.838466,5.03061
226,0.844548,5.23933
227,0.89408,5.10099
228,0.900736,5.35629
229,1.12459,5.20791
230,0.915553,5.13725
231,0.90181,5.06555
232,0.899688,5.28691
233,0.886556,5.16152
234,0.877533,5.12078
235,0.905524,5.05812
236,0.878931,5.03733
237,0.911281,5.08883
238,0.891252,5.40339
239,0.89348,5.03934
240,0.932009,5.2208
241,0.902223,5.14486
242,0.886852,5.16645
243,0.944354,5.28025
244,0.908086,5.43163
245,0.890496,5.36808
246,0.864943,5.00403
247,0.878291,5.14019
248,0.9072,5.04111
249,0.890026,5.01314
250,0.862101,5.05873
251,0.942272,5.35582
252,0.907813,5.03939
253,0.767502,5.10186
254,0.805027,5.1336
255,0.866529,5.43999
256,0.92465,5.1002
257,0.904158,5.10953
258,0.910439,5.37212
259,0.903872,5.31351
260,0.840043,5.02869
261,1.01255,5.15572
262,0.887346,5.04825
263,0.88729,5.20244
264,0.932102,5.1951
265,0.915183,5.24972
266,0.943962,5.00266
267,0.897615,5.32844
268,0.888304,5.22944
269,0.91687,5.17017
270,0.8955,5.19956
271,0.91243,5.24736
272,0.910682,5.25392
273,0.848128,5.0147
274,0.953113,5.43557
275,1.21532,6.98404
276,1.15497,6.52385
277,1.40515,6.95409
278,1.22723,6.63994
279,1.1638,6.85425
280,1.29146,6.96419
281,1.25618,6.7831
282,1.1214,6.83742
283,1.34959,6.74329
284,1.68969,6.64314
285,1.25177,6.79431
286,1.04719,6.87725
287,1.27278,6.55755
288,1.0325,7.34104
289,0.889769,7.28063
290,1.25545,7.12268
291,1.32177,7.93106
292,0.913314,7.2827
293,1.12162,7.35087
294,1.28753,7.35998
295,1.16018,7.37162
296,1.30362,7.4361
297,1.49223,7.38874
298,1.26414,7.88399
299,1.44924,7.09798
300,2.13767,7.45775
301,1.26301,7.76885
302,1.46689,7.61385
303,1.45859,7.26464
304,1.18997,7.56514
305,1.38781,7.66281
306,2.16687,7.49288
307,1.34369,7.95342
308,1.13025,7.75964
309,1.50161,7.53946
310,1.64531,7.7206
311,1.83214,7.94128
312,1.19076,7.66667
313,1.47032,7.78542
314,1.30674,7.99277
315,1.45113,7.28068
316,1.18896,7.11619
317,1.68818,7.63341
318,0.969478,7.33197
319,1.3821,7.23319
320,1.23585,7.11714
321,1.73297,7.86056
322,1.502,7.2358
323,1.85121,7.52457
324,1.73701,7.1033
325,1.54709,7.23073
326,1.55549,7.45145
327,1.42005,7.83802
328,1.49135,7.99703
329,1.30545,7.39303
330,1.465,7.93956
331,1.52425,7.59396
332,1.69797,7.8161
333,1.52069,7.34287
334,1.4786,7.57064
335,1.77568,7.17412
336,1.6326,7.50477
337,1.50325,7.45742
338,1.37125,7.59901
339,1.58831,7.59583
340,1.61685,7.67047
341,1.87813,7.53239
342,1.20155,7.35262
343,1.65058,7.49984
344,1.57432,7.78298
345,1.81933,7.38463
346,2.25557,8.70524
347,1.13265,8.0527
348,1.2776,8.48561
349,1.24384,8.66677
350,1.35851,8.91823
351,1.14444,8.94586
352,1.27402,8.47945
353,1.09198,8.58504
354,1.08376,8.16618
355,1.2983,8.07611
356,1.37508,8.3565
357,1.33273,8.96942
358,1.29814,8.07847
359,1.87995,8.02066
360,1.19976,8.15693
361,1.36085,8.3104
362,1.45643,8.17104
363,1.38301,8.15402
364,1.45609,8.31442
365,1.34755,8.14432
366,1.47919,8.35183
367,1.07702,8.33714
368,1.48183,8.21166
369,1.5246,8.41388
370,1.17881,9.12156
371,1.30675,9.46816
372,1.47419,9.78027
373,1.23778,9.51485
374,1.5486,9.69888
375,1.24468,9.79009
376,1.20608,9.45084
377,1.02711,9.10326
378,1.3935,9.99258
379,1.07325,9.32955
380,1.27109,9.99815
381,1.28758,9.35445
382,1.26654,9.23948
383,1.82095,9.02325
384,1.58661,9.79894
385,1.12712,9.95664
386,1.4968,9.40114
387,1.79871,9.36885
388,1.31215,9.37175
389,1.28542,9.71666
390,1.81076,9.58335
391,1.72798,9.21805
392,1.69382,9.16896
393,1.54292,9.08129
394,1.37295,9.78507
395,1.53038,9.6952
396,1.42551,10.0696
397,1.42489,10.2501
398,1.40732,10.2124
399,1.6507,10.3815
400,1.41999,10.3309
401,1.4358,10.1539
402,0.851501,10.0659
403,1.34486,10.0888
404,1.54433,10.1616
405,1.37926,10.1676
406,1.37681,10.1731
407,1.32602,10.0406
408,1.45663,10.3603
409,1.44498,10.2857
410,1.51685,10.0958
411,1.3404,10.0702
412,1.45822,10.3491
413,1.38525,10.1767
414,1.24102,11.5351
415,1.24263,11.7822
416,1.62362,11.6181
417,0.996961,11.6063
418,1.23097,11.7703
419,1.20736,11.7185
420,1.83418,11.5001
421,1.22554,11.646
422,1.45435,11.7767
423,2.01538,11.5549
424,1.5542,11.9058
425,1.15044,11.587
426,1.18592,11.9012
427,1.12321,11.8041
428,1.09324,11.567
429,1.06518,11.9106
430,1.19443,11.821
431,1.03567,11.9172
432,0.839741,11.5074
433,0.883702,11.7265
434,0.865844,11.9304
435,0.886173,11.9572
436,1.01937,11.9338
437,1.0831,11.756
438,1.09063,11.8434
439,0.98706,11.9604
440,1.28041,11.6105
441,1.11524,11.7691
442,1.01873,11.9028
443,1.00788,11.8914
444,0.999018,11.8859
445,1.03152,11.8726
446,1.02443,11.8489
447,0.890953,11.6102
448,0.925263,11.5539
449,0.933471,11.5796
450,0.928115,11.6892
451,0.997011,11.6441
452,0.932713,11.6993
453,0.869351,11.5418
454,0.940057,11.8675
455,0.873041,11.5557
456,0.928849,11.9808
457,0.90526,11.7227
458,0.840095,11.6837
459,0.916141,11.6023
460,1.20212,11.9852
461,1.17686,11.8853
462,1.57646,11.5406
463,1.12124,11.8359
464,1.80153,11.7653
465,1.19785,11.6102
466,0.941359,11.8152
467,1.18937,11.681
468,1.1554,11.8796
469,1.10853,11.8971
470,0.94469,11.5831
471,1.23927,11.7113
472,1.01272,11.5443
473,1.06434,11.6896
474,1.28993,11.6105
475,1.40728,11.538
476,1.32124,11.6552
477,1.31996,11.973
478,1.18675,11.9536
479,0.99053,11.9351
480,1.47628,11.529
481,0.979641,11.9631
482,1.38148,11.7545
483,1.64795,11.7202
484,1.55886,11.701
485,1.17046,11.7567
486,1.79159,11.7224
487,1.99237,11.6405
488,1.50457,11.7648
489,1.82618,11.7049
490,1.43387,11.8936
491,1.82383,11.6996
492,1.59714,11.5567
493,1.94396,11.8096
494,1.41242,11.6548
495,1.9346,11.7876
496,1.29941,11.6671
497,1.68357,11.794
498,1.56041,11.9234
499,1.82418,11.6219
500,1.53059,11.8965
501,1.78722,11.7146
502,2.23437,11.6138
503,1.4977,11.7707
504,1.80909,11.6757
505,1.87954,11.708
506,1.3997,11.7564
507,1.7355,11.6273
508,1.07532,11.9166
509,1.736,11.6697
510,1.19111,11.6456
511,1.40944,11.8406
512,1.14318,11.9131
513,2.29245,11.7064
514,1.47324,11.7136
515,1.31644,11.6216
516,1.63794,11.5231
517,1.37282,11.6795
518,1.84979,11.8573
519,1.32556,11.6129
520,1.22339,11.8952
521,1.21285,11.8807
522,1.10875,11.6983
523,1.63348,11.7215
524,1.05397,12.0589
525,1.00265,12.0695
526,0.974884,12.0873
527,1.02386,12.0187
528,1.1189,12.1215
529,1.10238,12.1901
530,1.05249,12.0515
531,1.07899,12.1758
532,1.00591,12.1695
533,1.05863,12.0682
534,1.26292,12.1726
535,2.26828,12.8301
536,1.0719,12.4033
537,1.14649,12.5277
538,1.00887,12.0517
539,1.4682,12.6462
540,1.21265,12.0097
541,1.42451,12.6294
542,1.08441,12.0921
543,1.19424,12.7051
544,1.12268,12.2514
545,1.11837,12.4586
546,1.4561,12.3345
547,0.958798,12.037
548,1.15644,12.606
549,0.85123,12.0275
550,0.888807,12.2446
551,0.863285,12.3046
552,1.07335,12.4189
553,1.17384,12.7925
554,1.30363,12.6504
555,1.06896,12.0224
556,1.07886,12.4033
557,1.03405,12.644
558,1.03768,12.3568
559,1.04482,12.0059
560,0.937499,12.0438
561,0.995134,12.5942
562,1.00946,12.6515
563,0.927011,12.0218
564,1.00134,12.5602
565,0.927574,12.4593
566,1.02019,12.5626
567,1.06088,12.9513
568,0.857645,12.4537
569,0.917306,12.7511
570,0.937923,12.9424
571,0.864972,12.9696
572,1.01222,12.1604
573,1.28041,12.1368
574,1.06564,12.8405
575,1.2672,12.0654
576,1.00641,12.038
577,1.42811,12.6265
578,1.43178,12.6303
579,1.13883,12.3953
580,1.2242,12.0165
581,1.24099,12.2046
582,1.00114,12.148
583,0.940008,12.7256
584,0.970181,12.2274
585,1.04295,12.8408
586,1.22927,12.8016
587,1.06454,12.5208
588,1.1874,12.1843
589,1.09398,12.866
590,0.991852,12.751
591,1.14281,12.6401
592,1.39469,12.0921
593,1.19978,12.9609
594,1.13876,12.7293
595,1.14257,12.7286
596,1.22779,12.5313
597,0.973525,12.8918
598,1.05257,12.1616
599,1.36512,12.7775
600,1.235,12.4163
601,1.07859,12.8226
602,1.06734,12.0908
603,1.52943,12.1325
604,2.04473,12.0531
605,0.901452,12.3539
606,1.05805,12.0305
607,1.29932,12.0994
608,1.02594,12.3999
609,1.07596,12.8037
610,1.05879,12.0413
611,1.21555,12.7675
612,1.80425,12.0356
613,1.18099,12.9557
614,1.05125,12.04
615,1.18086,13.423
616,1.0146,13.7269
617,0.999638,13.8572
618,1.02227,13.486
619,1.07719,13.8608
620,0.998071,13.88
621,1.47702,13.5595
622,1.09924,13.8693
623,1.06902,13.7685
624,1.35596,13.7861
625,1.03212,13.663
626,1.09083,13.7268
627,1.07733,13.84
628,1.03132,13.6934
629,1.27502,13.5121
630,1.22715,13.5473
631,1.11458,13.1945
632,1.01427,13.5694
633,1.15879,13.2959
634,1.13675,13.8991
635,0.993353,13.8284
636,1.07154,13.9199
637,1.10699,13.1706
638,1.09182,13.8043
639,1.06975,13.833
640,1.29689,13.1315
641,1.54688,13.7966
642,1.00917,13.5852
643,1.10675,13.0628
644,1.14362,13.2499
645,1.12653,13.84
646,1.03265,13.8441
647,1.0093,13.0649
648,0.960611,13.6897
649,1.26936,13.8299
650,1.02903,13.6533
651,0.977747,13.1948
652,0.935043,13.0563
653,0.973668,13.1782
654,0.955852,13.1501
655,1.04085,13.6934
656,0.935492,13.0687
657,0.925782,13.6233
658,0.929629,13.4414
659,0.926892,13.3536
660,0.994755,13.4016
661,0.888703,13.3133
662,0.876158,13.4542
663,0.828514,13.2526
664,1.19965,13.5564
665,1.08341,13.5788
666,1.00316,13.6609
667,1.01862,13.942
668,1.20876,13.2078
669,1.19907,13.4155
670,1.03973,13.7168
671,1.11811,13.1643
672,1.19281,13.2225
673,1.03741,13.7985
674,1.04226,13.7114
675,1.01385,13.7236
676,1.05113,13.1152
677,1.00442,13.6167
678,1.12221,13.2113
679,1.04107,13.0184
680,1.10464,13.7271
681,1.00665,13.5806
682,1.16884,13.1276
683,1.00568,13.62
684,0.998729,13.0397
685,1.19274,13.1762
686,0.98041,13.7336
687,1.47932,13.5191
688,1.26196,13.5748
689,1.12919,13.9195
690,1.38827,13.7654
691,1.11342,13.7438
692,1.834,13.1257
693,1.06766,13.4771
694,1.21762,15.3822
695,1.40035,15.2056
696,2.08195,15.6538
697,1.32399,15.0846
698,1.28089,15.3973
699,1.44429,15.3541
700,1.11118,15.3624
701,1.36377,15.4871
702,1.26167,15.9435
703,1.30773,15.0686
704,1.12937,15.4374
705,1.23234,15.6568
706,1.4856,15.5039
707,1.22068,15.8923
708,1.65432,15.5461
709,1.22524,15.1822
710,1.45691,15.0859
711,1.1745,15.4126
712,1.74569,15.0713
713,1.10389,15.401
714,1.88607,15.8937
715,1.18405,15.554
716,1.5875,15.7347
717,1.25316,15.8983
718,1.12689,15.2225
719,1.00556,15.0809
720,0.983949,15.0852
721,0.947681,15.1984
722,0.947622,15.1273
723,1.41937,15.8332
724,1.69121,15.4183
725,1.27624,15.618
726,1.40305,15.2286
727,1.21191,15.2536
728,1.30358,15.2463
729,1.2346,15.9044
730,1.20125,15.7744
731,1.24437,15.6346
732,1.2281,15.1857
733,1.88138,15.4472
734,1.53968,15.059
735,1.14663,15.3928
736,1.67635,15.5886
737,1.20021,15.5857
738,1.33865,15.3005
739,1.17372,15.7298
740,1.36052,15.1947
741,1.28344,15.0451
742,1.56807,15.0297
743,1.24862,15.209
744,1.48207,15.8776
745,1.09839,15.3694
746,1.36633,15.6334
747,1.19079,15.4545
748,2.04733,15.0812
749,1.26086,15.6826
750,1.36889,15.9288
751,1.25467,15.6423
752,1.82753,15.5534
753,1.21146,15.5987
754,1.6666,15.8468
755,1.11531,15.5048
756,1.12161,15.8787
757,1.4238,15.951
758,1.47244,15.8248
759,1.23201,15.9102
760,1.19227,15.5623
761,1.21188,15.2989
762,1.45147,15.3991
763,1.31688,15.2897
764,1.22376,15.9315
765,1.29167,15.9931
766,1.04985,15.474
767,1.47397,15.7692
768,1.40203,15.4975
769,1.50897,15.9248
770,1.35109,15.1737
771,1.27351,15.4425
772,2.22243,15.6812
773,1.23503,15.4019
774,1.17428,15.7015
775,1.24405,15.9772
776,1.18632,15.7179
777,1.54732,15.1829
778,1.32323,15.8481
779,1.51699,15.1274
780,1.11186,15.9105
781,1.07907,15.6011
782,1.44973,15.7254
783,1.22275,15.8436
784,1.37636,15.3605
785,1.21795,15.791
786,1.32237,15.9777
787,1.40735,15.9442
788,1.36584,15.8297
789,1.15335,15.8275
790,1.04502,15.9121
791,1.36826,15.4393
792,1.04238,15.8719
793,1.35537,15.5765
794,1.16177,15.4341
795,1.2866,16.8409
796,1.59054,16.5022
797,1.2782,16.786
798,1.66517,16.1091
799,1.2761,16.7805
800,1.43214,16.9954
801,1.29647,16.9385
802,1.24285,16.5397
803,1.19011,16.3469
804,1.47933,16.014
805,1.37847,16.4627
806,1.68545,16.1654
807,1.30334,16.805
808,2.31847,16.3702
809,1.27652,16.7828
810,1.33416,16.701
811,1.45328,16.6547
812,1.39321,16.636
813,1.4437,16.2107
814,1.39933,16.4433
815,1.46358,16.1547
816,1.43619,16.1879
817,1.24769,16.0227
818,1.82456,16.8057
819,1.5714,16.8059
820,1.48216,16.182
821,1.50854,16.6559
822,1.47267,16.0237
823,1.37785,16.0572
824,1.26275,16.4581
825,1.50931,16.0771
826,1.76956,16.1573
827,1.7009,16.7043
828,1.67929,16.7496
829,1.7533,16.2773
830,1.44843,16.6443
831,1.39615,16.1157
832,1.81258,16.7849
833,1.38234,16.8343
834,1.35706,16.4186
835,1.39045,16.1152
836,1.33435,16.7186
837,1.72773,16.2525
838,1.74937,16.2972
839,1.35168,16.198
840,1.37636,16.8419
841,1.06109,16.1219
842,1.38349,16.1659
843,1.56595,16.7601
844,1.75953,16.3775
845,1.78499,16.6643
846,1.48837,16.7336
847,1.54727,16.0674
848,1.11321,16.0875
849,1.14924,16.0135
850,1.42799,16.7035
851,1.42937,16.1793
852,1.42154,16.1396
853,1.46073,16.6026
854,1.27608,16.2261
855,1.44809,16.175
856,1.3869,16.3496
857,1.70337,16.8534
858,1.6453,16.7581
859,1.30967,16.0097
860,1.80494,16.3577
861,1.25423,16.4873
862,1.76255,16.4082
863,1.65917,16.8079
864,1.2053,16.3407
865,1.47921,16.3174
866,1.39256,16.9495
867,1.14996,16.3725
868,1.71553,16.8
869,1.42597,16.4147
870,1.39812,16.1563
871,1.10672,16.1329
872,1.75133,16.8795
873,1.14584,16.6459
874,1.23383,17.079
875,1.31837,17.5813
876,1.4933,17.201
877,1.43218,17.1212
878,1.42468,17.4552
879,1.28509,17.2855
880,1.27177,17.492
881,1.25254,17.0265
882,1.58827,17.4903
883,1.17298,17.1331
884,2.04623,17.6567
885,1.32589,17.6417
886,1.48803,17.7485
887,2.30384,17.9277
888,1.36451,17.0604
889,1.49349,17.8639
890,1.33653,17.1736
891,1.29297,17.2935
892,1.43516,17.0582
893,1.60569,17.0693
894,1.35142,17.237
895,1.39987,17.8652
896,1.44049,17.3437
897,2.02842,17.2901
898,1.26653,17.3893
899,1.37561,17.0007
900,1.71104,17.6104
901,1.8768,17.3171
902,1.72977,17.4849
903,2.00134,17.7291
904,1.65659,17.4886
905,1.8612,17.2263
906,1.65496,17.3014
907,2.02462,17.6774
908,1.71404,17.8808
909,1.4211,17.6496
910,1.88595,17.3352
911,1.36208,17.4739
912,1.24535,17.2141
913,1.44805,17.9952
914,1.74768,17.3534
915,1.57004,17.3823
916,1.3592,17.0926
917,2.10534,17.9214
918,1.678,17.3661
919,1.2059,17.3548
920,1.26362,17.4122
921,3.62829,18.8078
922,1.80055,18.2388
923,1.65928,18.2322
924,1.84341,19.5874
925,2.06877,20.5197
926,2.08456,20.7874
927,2.67844,21.0071
928,1.62131,23.3108
929,0.983624,23.804
930,2.89959,24.5054
931,1.46905,24.8386
932,1.81667,24.8603
933,1.42505,24.5164
934,1.88283,24.1893
935,3.41315,25.3868
936,2.19206,25.2232
937,1.50469,25.096
938,1.95601,25.4738
939,1.31596,25.735
940,1.53927,25.8692
941,1.71239,26.1699
942,1.89646,26.1092
943,2.73461,28.7321
944,2.59772,28.7192
945,2.50326,28.5622
946,2.4708,28.7254
947,2.24797,28.9143
948,2.82959,28.9929
949,2.34486,28.5297
950,2.75576,28.711
951,3.06914,28.7988
952,1.98434,28.5088
953,2.26141,28.6902
954,2.3337,28.9383
955,2.9699,28.7607
956,1.82874,28.7134
957,2.05168,28.8967
958,2.56037,29.1531
959,2.35802,29.1034
960,2.50754,29.5944
961,2.61567,29.0407
962,3.10891,29.6774
963,2.64885,29.5486
964,2.36769,29.3043
965,2.37191,29.6664
966,2.46326,29.5848
967,2.44907,29.5103
968,2.46443,29.5305
969,2.43549,29.8753
970,2.43509,29.8372
971,2.43183,29.833
972,2.39471,29.7194
973,2.37223,29.6334
974,2.47373,29.7873
975,2.57817,29.7923
976,2.53419,29.9998
977,2.34263,29.951
978,2.42633,29.8393
979,2.80291,29.5974
980,2.72344,29.8069
981,2.83122,29.3432
982,2.89754,29.1126
983,2.22834,29.9362
984,2.80429,29.4526
985,3.03336,29.8794
986,3.02024,29.6408
987,3.05583,29.6054
988,3.41681,29.85
989,3.05345,29.9145
990,2.50485,29.5973
991,2.92095,29.7642
992,2.51149,29.8376
993,2.7432,29.984
994,3.12264,29.4977
995,3.17409,29.7774
996,2.93553,29.6876
997,3.13637,29.7141
998,2.85764,29.5617
999,3.11521,29.6734
1000,2.90333,29.8721
1001,3.11331,29.7357
1002,2.94105,29.8341
1003,3.14011,29.7332
1004,3.08123,29.98
1005,2.67914,29.6899
1006,2.88653,29.9118
1007,2.57793,29.8678
1008,2.63771,29.854
1009,2.25561,29.2445
1010,2.90874,29.9508
1011,3.01342,29.8525
1012,3.04373,29.8495
1013,2.51835,29.9716
1014,2.6329,29.7962
1015,2.58462,29.802
1016,2.42933,29.8601
1017,3.01514,29.449
1018,2.08049,29.1502
1019,2.56315,30.1741
1020,2.66376,30.1637
1021,2.47802,30.5166
1022,2.67284,30.2291
1023,2.45975,30.4442
1024,2.5705,30.6659
1025,2.40245,30.4346
1026,2.57881,30.5586
1027,2.90951,30.868
1028,2.78645,30.1547
1029,2.43296,30.3407
1030,2.71114,30.5476
1031,2.6856,30.6634
1032,2.70273,30.0352
1033,2.36866,30.0172
1034,2.53141,30.3135
1035,2.43841,30.4829
1036,2.5953,30.6832
1037,2.36816,30.0161
1038,2.57736,30.6116
1039,2.45917,30.3212
1040,2.61703,30.4001
1041,2.61687,30.3975
1042,2.40525,30.3873
1043,2.43908,30.1954
1044,2.4745,30.5034
1045,2.5674,30.4467
1046,2.77116,30.3598
1047,2.68871,30.7838
1048,2.53371,30.3481
1049,2.72113,30.731
1050,2.4753,30.3132
1051,2.78491,30.5834
1052,2.66158,30.8292
1053,2.64947,30.1316
1054,2.78732,30.7745
1055,2.63936,30.1341
1056,2.62198,30.7276
1057,2.73928,30.9848
1058,2.50922,30.4354
1059,2.41516,30.3262
1060,2.4531,30.3419
1061,2.62239,30.7995
1062,2.71675,30.2832
1063,2.55796,30.6283
1064,2.4633,30.2028
1065,2.4001,30.296
1066,2.68089,30.9968
1067,2.43887,30.2583
1068,2.75863,30.6634
1069,2.53577,30.4135
1070,2.66118,30.4042
1071,2.49702,30.6077
1072,2.37393,30.0107
1073,2.39455,30.0307
1074,2.50645,30.4793
1075,2.4188,30.247
1076,2.41167,30.2311
1077,2.66719,30.5644
1078,2.5933,30.7402
1079,2.46955,30.1871
1080,2.45753,30.3488
1081,2.50255,30.6329
1082,2.68829,30.4451
1083,2.70039,30.6271
1084,2.3894,30.0559
1085,2.48784,30.1517
1086,2.42037,30.2474
1087,2.74794,30.4351
1088,2.98433,30.0562
1089,2.62226,30.7507
1090,2.5879,30.5344
1091,2.22822,30.1228
1092,3.09223,30.1527
1093,3.70958,30.4707
1094,2.37675,30.4562
1095,2.43244,30.7483
1096,2.65936,30.0697
1097,2.62556,30.3659
1098,3.35021,30.9619
1099,2.74743,30.3754
1100,3.51489,30.9743
1101,2.72772,30.2705
1102,2.84838,30.315
1103,2.76539,30.6289
1104,2.83751,30.2917
1105,2.84312,30.7614
1106,2.70873,30.2233
1107,2.83489,30.0394
1108,2.63231,30.042
1109,2.71005,30.7323
1110,2.80471,30.0472
1111,3.51501,30.2223
1112,2.5731,30.4858
1113,3.70405,30.378
1114,3.19573,30.9257
1115,2.59795,30.7603
1116,2.83339,30.5512
1117,2.81056,30.0179
1118,2.89109,30.2952
1119,2.87739,30.5214
1120,2.63963,30.2104
1121,2.50359,30.5956
1122,2.5478,30.7433
1123,2.86926,30.3046
1124,2.87375,30.161
1125,2.58688,30.7634
1126,2.44983,30.6603
1127,2.60135,30.2202
1128,2.78267,30.0783
1129,2.93587,30.3157
1130,2.53055,30.0244
1131,2.72711,30.4242
1132,3.66562,30.2342
1133,2.52952,30.1419
1134,3.1741,30.151
1135,2.67995,30.6071
1136,2.47466,30.3635
1137,2.53132,30.277
1138,2.56333,30.6315
1139,2.43275,30.1226
1140,2.85055,30.29
1141,2.50021,30.168
1142,2.53369,30.4287
1143,2.57229,30.6827
1144,2.60999,30.069
1145,2.80921,30.491
1146,2.89488,30.1124
1147,3.06785,30.5902
1148,2.80346,30.5287
1149,2.68579,30.3476
1150,3.04066,30.5081
1151,2.60691,30.099
1152,2.41933,30.3418
1153,2.8764,30.167
1154,2.54075,30.7173
1155,3.28422,30.8508
1156,2.84443,30.6919
1157,2.98795,30.3266
1158,2.75562,30.2933
1159,3.12828,30.9453
1160,2.48135,30.6536
1161,2.59481,30.6818
1162,2.87232,30.073
1163,2.6175,30.6662
1164,2.43589,30.1247
1165,2.67407,30.5329
1166,2.76213,30.4455
1167,2.56003,30.5621
1168,2.6364,30.4323
1169,2.67898,30.4278
1170,2.46813,30.3393
1171,2.54975,30.3148
1172,2.51943,30.0387
1173,2.70258,30.9301
1174,2.45819,30.4291
1175,2.82231,31.782
1176,2.78106,31.7092
1177,3.73215,31.446
1178,2.81704,31.0012
1179,3.90511,31.8576
1180,2.74144,31.9902
1181,2.88816,31.9673
1182,2.93409,31.1074
1183,3.39982,31.4954
1184,2.70604,31.0327
1185,2.94915,31.7137
1186,3.00576,31.4839
1187,2.78524,31.1133
1188,2.6768,31.4836
1189,2.72728,31.9544
1190,2.82821,31.8462
1191,2.68162,31.6812
1192,2.75941,31.9695
1193,2.75083,31.7752
1194,2.77808,31.5866
1195,2.73522,31.2464
1196,2.71501,31.1755
1197,3.42325,31.1665
1198,3.26101,31.0694
1199,2.638,31.1532
1200,2.99489,31.8654
1201,2.67151,31.2642
1202,2.76089,31.348
1203,3.26242,31.1323
1204,3.10209,31.0165
1205,3.58073,31.7023
1206,3.78679,31.5812
1207,3.4332,31.7658
1208,3.05169,31.678
1209,2.94798,31.1254
1210,2.87165,31.2049
1211,3.35265,31.2864
1212,2.70359,31.0348
1213,3.30302,31.2438
1214,3.10306,31.682
1215,2.79852,31.1171
1216,3.26937,31.512
1217,3.25387,31.4943
1218,2.76811,31.7896
1219,2.77068,31.049
1220,3.1512,31.9508
1221,2.88977,32.0293
1222,2.6948,32.0475
1223,3.15821,32.6713
1224,3.29393,32.9119
1225,2.88977,32.6206
1226,3.19615,32.8052
1227,3.18795,32.0612
1228,2.80089,32.4138
1229,2.81023,32.189
1230,2.76691,32.3523
1231,2.85245,32.4771
1232,2.76869,32.2784
1233,2.88082,32.9386
1234,3.02324,32.6044
1235,2.98329,32.3056
1236,2.92545,32.5227
1237,2.86035,32.3865
1238,3.08241,32.7795
1239,3.49151,32.8218
1240,2.82037,32.4684
1241,3.35036,32.4952
1242,3.50446,32.862
1243,2.81968,32.1382
1244,3.4717,32.7914
1245,2.81387,32.1207
1246,2.74283,32.1856
1247,3.0759,32.5555
1248,2.86761,32.6017
1249,2.90122,32.2981
1250,3.38565,32.8931
1251,2.87447,32.4333
1252,3.37954,32.2232
1253,3.11466,32.0713
1254,3.30138,32.1601
1255,2.85995,32.3604
1256,3.34307,32.2388
1257,3.01617,32.7453
1258,2.93267,32.5547
1259,2.99675,32.1939
1260,3.18455,32.3392
1261,3.19617,32.3694
1262,3.33842,32.7965
1263,2.91981,32.7756
1264,3.03283,32.6164
1265,3.94458,32.664
1266,3.17978,32.527
1267,3.12603,32.1135
1268,3.29804,32.7591
1269,2.8915,32.4848
1270,3.27355,32.2437
1271,2.89177,32.5368
1272,3.10409,32.3871
1273,2.81765,32.252
1274,2.85287,32.2979
1275,2.7982,32.0917
1276,3.09301,32.0972
1277,3.36932,32.2348
1278,3.13877,32.9992
1279,3.01001,32.3224
1280,2.89343,32.164
1281,2.99373,32.6929
1282,2.97654,32.4666
1283,2.75043,32.1673
1284,2.76004,32.0436
1285,3.4338,32.3232
1286,3.44846,34.4474
1287,3.33863,34.843
1288,3.21485,34.7982
1289,3.39766,34.066
1290,3.65164,34.9486
1291,4.65282,34.1181
1292,3.66448,34.1826
1293,6.26286,34.497
1294,3.31458,34.2249
1295,3.63345,34.1534
1296,3.70792,34.2931
1297,3.20422,34.487
1298,3.65527,34.6275
1299,3.5681,34.3462
1300,3.51656,34.9016
1301,3.35594,34.8891
1302,3.43433,34.1668
1303,3.19842,34.7033
1304,3.56908,34.1763
1305,3.8096,34.4031
1306,3.50271,34.4039
1307,3.73721,34.3547
1308,3.83872,34.7285
1309,3.42828,34.7868
1310,4.35815,34.4847
1311,3.29351,34.1135
1312,3.27091,34.0475
1313,3.46055,34.7568
1314,3.35576,34.5905
1315,3.36804,34.6247
1316,3.52631,34.9172
1317,3.54018,34.9505
1318,3.37232,34.8741
1319,3.3599,34.7881
1320,3.29544,34.7471
1321,3.51753,34.772
1322,3.36564,34.9182
1323,3.32444,34.9478
1324,3.39788,34.391
1325,3.79734,34.3651
1326,4.13429,34.1754
1327,4.29664,34.5211
1328,3.43038,34.0959
1329,3.72994,34.8334
1330,3.91468,34.8818
1331,3.41778,34.7604
1332,4.08079,34.4304
1333,4.09174,34.631
1334,3.59052,34.2472
1335,3.62285,34.9124
1336,3.53325,34.7024
1337,3.51997,34.4796
1338,3.82582,34.7156
1339,3.33951,34.6757
1340,3.61413,34.8726
1341,3.69067,34.7533
1342,3.27413,34.034
1343,3.99061,34.9052
1344,3.33813,34.9816
1345,3.60533,34.4855
1346,3.77709,34.268
1347,3.61807,34.885
1348,3.74738,34.3166
1349,3.61335,34.2174
1350,3.89161,34.2254
1351,3.70376,34.0871
1352,3.5116,34.4383
1353,3.31938,34.125
1354,3.64446,34.3429
1355,3.62912,34.3084
1356,3.75116,34.9562
1357,3.53093,34.8003
1358,3.79105,34.4682
1359,3.42215,34.0689
1360,3.61075,34.7976
1361,3.76139,34.2392
1362,3.5563,34.6924
1363,3.46182,34.8671
1364,4.92049,34.4697
1365,3.04903,34.3052
1366,3.19756,34.0895
1367,3.62701,34.1256
1368,3.32771,34.6413
1369,3.21634,34.8271
1370,3.49959,34.3727
1371,3.75874,34.2263
1372,3.43943,34.7572
1373,3.72893,34.3407
1374,3.04493,34.1276
1375,3.7039,34.303
1376,3.44967,34.3283
1377,3.5874,35.6061
1378,3.61394,35.7304
1379,3.80081,35.8524
1380,3.76526,35.6777
1381,3.44875,35.1211
1382,3.27295,35.0863
1383,3.37754,35.2022
1384,3.53227,35.0719
1385,4.00794,35.7991
1386,3.39104,35.2358
1387,3.59432,35.1138
1388,3.33746,35.0201
1389,3.7083,35.1535
1390,3.29668,35.2727
1391,3.53881,35.2435
1392,3.40743,35.279
1393,4.11313,35.1135
1394,3.71193,35.1833
1395,3.60654,35.6531
1396,3.51063,35.1859
1397,3.682,35.0795
1398,3.90157,35.7116
1399,3.77242,35.7667
1400,4.10378,35.5939
1401,3.72371,35.1976
1402,3.78915,35.8181
1403,3.45987,35.2122
1404,3.40578,35.3237
1405,3.74531,35.7158
1406,3.50275,35.831
1407,3.51569,35.1604
1408,3.49342,35.1719
1409,3.57932,35.4395
1410,3.77745,35.7875
1411,3.51423,35.1634
1412,3.40813,35.3003
1413,3.63283,35.5458
1414,3.58856,35.6411
1415,3.67296,35.5521
1416,3.55727,35.9344
1417,3.52941,35.9235
1418,3.59253,35.9002
1419,3.97722,35.0808
1420,3.71665,35.0699
1421,3.57962,35.88
1422,3.47965,35.7285
1423,3.60001,35.69
1424,3.61115,35.6783
1425,3.88566,35.6472
1426,3.96878,35.6028
1427,3.44623,35.129
1428,3.78461,35.2831
1429,3.50797,35.2442
1430,4.12284,35.5729
1431,3.37888,35.2155
1432,3.40031,35.3265
1433,3.86404,35.1506
1434,3.96524,35.8149
1435,3.52249,35.321
1436,3.85849,35.6396
1437,3.76888,35.6736
1438,4.00399,35.3524
1439,3.48214,35.5886
1440,3.67474,35.1684
1441,3.87528,35.3119
1442,3.42567,35.3264
1443,3.64934,35.5888
1444,4.89274,35.0764
1445,3.97537,35.24
1446,3.85235,35.4858
1447,3.9614,35.0687
1448,3.58935,35.2405
1449,3.83746,36.1468
1450,3.81821,36.2993
1451,3.8511,36.3017
1452,3.81317,36.6453
1453,3.95801,36.9029
1454,3.76718,36.9322
1455,3.71726,36.742
1456,3.59245,36.5206
1457,3.62676,36.1046
1458,3.84668,36.3558
1459,3.85455,36.4196
1460,3.52334,36.3854
1461,3.56247,36.3466
1462,3.59009,36.072
1463,3.68833,36.6417
1464,3.78239,36.6726
1465,3.60038,36.7068
1466,3.86296,36.1644
1467,3.78013,36.624
1468,3.71041,36.716
1469,3.59104,36.6566
1470,3.84162,36.8511
1471,3.87598,36.3902
1472,3.80224,36.1904
1473,3.74523,36.8535
1474,3.79718,36.4224
1475,3.71113,36.411
1476,3.69694,36.3023
1477,3.9151,36.7559
1478,3.70451,36.7057
1479,3.58602,36.6241
1480,3.75294,36.0584
1481,3.74606,36.8242
1482,3.60385,36.7573
1483,3.58203,36.059
1484,3.58992,36.4586
1485,3.6699,36.6375
1486,3.85397,36.9911
1487,3.54103,36.2723
1488,3.57289,36.6003
1489,3.55688,36.2181
1490,3.71748,36.4902
1491,3.5955,36.2796
1492,3.65936,36.2561
1493,3.66183,36.6778
1494,4.02591,36.7735
1495,3.72827,36.7838
1496,3.59462,36.1896
1497,3.62242,36.4123
1498,3.62524,36.3529
1499,3.70673,36.7397
1500,3.82658,36.9122
1501,3.88372,36.3708
1502,3.58307,36.7034
1503,3.83579,36.11
1504,3.6118,36.4845
1505,3.59347,36.1287
1506,3.61071,36.1753
1507,3.67687,36.0991
1508,3.7228,36.3407
1509,3.75068,36.4295
1510,3.80762,36.9081
1511,3.73675,36.1037
1512,3.83672,36.521
1513,3.88624,36.1806
1514,3.69197,36.8127
1515,3.61772,36.6278
1516,3.53268,36.4794
1517,3.68487,36.2627
1518,4.13277,38.2892
1519,3.99955,38.9745
1520,4.4339,38.773
1521,4.67774,38.0457
1522,4.42698,38.7798
1523,4.32057,38.4673
1524,4.36715,38.2419
1525,4.28701,38.0239
1526,4.73382,38.1742
1527,4.62143,38.2901
1528,4.79894,38.6545
1529,5.07863,38.915
1530,3.99938,38.6438
1531,4.83389,38.2045
1532,4.23294,38.3203
1533,4.47597,38.4221
1534,4.04158,38.8062
1535,4.42357,38.6323
1536,4.16728,38.8971
1537,4.12912,38.2427
1538,4.31172,38.4144
1539,4.02482,38.7485
1540,4.13074,38.7876
1541,4.00826,38.9582
1542,4.11416,38.7412
1543,4.36006,38.8341
1544,4.01979,38.6828
1545,4.11244,38.6809
1546,4.17999,38.9312
1547,4.07122,38.2121
1548,4.19848,38.2138
1549,4.16333,38.6458
1550,3.96165,38.2285
1551,4.17451,38.6279
1552,4.0702,38.7373
1553,4.14072,38.1128
1554,4.22156,38.709
1555,3.9643,38.8791
1556,4.14971,38.4572
1557,3.98069,38.7457
1558,4.35201,38.8383
1559,4.11219,38.9207
1560,4.20616,38.4644
1561,4.05419,38.8502
1562,4.41539,38.3828
1563,4.11791,38.8153
1564,4.33348,38.7841
1565,4.42196,38.391
1566,4.0977,38.7266
1567,4.23043,38.7866
1568,4.00784,38.84
1569,4.01001,38.4243
1570,4.00643,38.4137
1571,4.00683,38.4127
1572,4.1023,38.7501
1573,4.15679,38.8286
1574,4.19951,38.6307
1575,3.98561,38.3197
1576,3.98971,38.044
1577,4.0084,38.6949
1578,4.29697,38.9854
1579,4.1362,38.6073
1580,4.25264,38.5905
1581,4.11425,38.8034
1582,4.11551,38.8071
1583,4.11555,38.8092
1584,4.29636,38.5951
1585,4.07312,38.865
1586,4.30479,38.7453
1587,4.41637,38.9729
1588,4.28957,38.9387
1589,4.07201,38.8636
1590,4.41889,38.9751
1591,4.1282,38.1091
1592,4.41104,38.3181
1593,4.71453,38.7921
1594,4.19493,38.2951
1595,4.74687,38.8977
1596,4.96725,38.5578
1597,4.54442,38.4537
1598,4.33169,38.4995
1599,4.71518,38.3257
1600,4.24447,38.0152
1601,4.80728,38.7428
1602,4.33935,38.4648
1603,4.13839,38.2844
1604,4.81076,38.6229
1605,4.02177,38.5186
1606,4.85751,38.8274
1607,4.29406,38.1479
1608,4.84817,38.5853
1609,3.92805,38.7099
1610,4.46182,38.9358
1611,4.43022,38.3534
1612,4.1701,38.8704
1613,4.00812,38.0095
1614,4.2276,38.1294
1615,4.0458,38.1669
1616,4.00876,38.1241
1617,4.24046,38.8127
1618,4.60245,38.9852
1619,4.09171,38.2565
1620,4.46735,38.2902
1621,4.90715,38.5451
1622,5.12957,38.9676
1623,4.03223,38.1064
1624,4.28548,38.3404
1625,4.09778,38.3928
1626,4.35546,38.4303
1627,4.15014,38.8683
1628,4.44609,38.8537
1629,4.53887,38.3801
1630,4.39752,38.1222
1631,3.99515,38.5729
1632,4.28602,38.961
1633,4.12917,38.4149
1634,4.27302,38.4679
1635,4.48925,38.9966
1636,4.48883,38.8954
1637,4.1543,38.4804
1638,4.21304,38.4438
1639,4.08189,38.9959
1640,4.16018,38.481
1641,4.13512,38.8131
1642,4.33708,38.7985
1643,4.30173,38.4444
1644,4.23903,38.8886
1645,4.04161,38.7853
1646,4.25968,38.9114
1647,4.17627,38.5098
1648,4.0079,38.5926
1649,4.39208,38.7616
1650,4.11761,38.4032
1651,4.26017,38.5072
1652,4.40791,38.8017
1653,4.48441,38.7972
1654,4.54919,38.6372
1655,4.26243,39.9774
1656,4.43207,39.2286
1657,4.31317,39.06
1658,4.49552,39.4872
1659,4.47477,39.418
1660,4.28699,39.4303
1661,4.21849,39.208
1662,4.27847,39.2996
1663,4.30122,39.4075
1664,4.26317,39.3292
1665,4.54319,39.0148
1666,4.20656,39.1761
1667,4.48718,39.5853
1668,4.18477,39.0412
1669,4.26132,39.3506
1670,4.11445,39.1031
1671,4.34556,39.5519
1672,4.25303,39.3469
1673,4.19897,39.4697
1674,4.25336,39.2639
1675,4.40062,39.8841
1676,4.37883,39.0192
1677,4.1972,39.1112
1678,4.21952,39.6693
1679,4.2413,39.9081
1680,4.84059,39.4918
1681,5.41408,39.5031
1682,4.48376,39.0977
1683,5.4321,39.5444
1684,4.10117,39.0136
1685,4.68876,39.3621
1686,4.83988,39.2336
1687,4.62156,39.0319
1688,4.09686,39.0793
1689,4.62291,39.3886
1690,4.72753,39.5682
1691,4.48301,39.1748
1692,4.50301,39.3152
1693,4.25218,39.1776
1694,4.47937,39.1635
1695,4.77842,39.3811
1696,4.16232,39.2502
1697,4.74381,39.6001
1698,4.71208,39.7635
1699,4.43439,39.3193
1700,4.68887,39.0657
1701,4.20155,39.4849
1702,4.65732,39.5275
1703,4.45787,39.4863
1704,4.27602,39.4061
1705,4.66652,39.9909
1706,4.59041,39.4727
1707,4.68049,39.9815
1708,4.31537,39.1327
1709,4.11642,39.3265
1710,4.51692,40.9213
1711,4.48608,40.373
1712,4.44511,40.5694
1713,4.71578,40.3825
1714,4.74997,40.4558
1715,4.52999,40.9405
1716,4.37952,40.8151
1717,4.73381,40.4167
1718,4.57107,40.708
1719,4.29961,40.8246
1720,4.31944,40.7859
1721,4.44161,40.1404
1722,4.44537,40.0548
1723,4.32186,40.0846
1724,4.3132,40.0344
1725,4.43164,40.2918
1726,4.29091,40.7067
1727,4.31336,40.0484
1728,4.84165,40.7446
1729,4.35509,40.9581
1730,4.55675,40.6642
1731,4.57805,40.9481
1732,4.32848,40.5606
1733,4.31808,40.2518
1734,4.38756,40.8473
1735,4.48325,40.3212
1736,4.6777,40.0197
1737,4.37163,40.7601
1738,4.68887,40.0375
1739,4.32891,40.1213
1740,4.39651,40.8293
1741,4.31421,40.8434
1742,4.52778,40.9939
1743,4.39535,40.341
1744,4.62831,40.8709
1745,4.42737,40.6553
1746,4.45877,40.1311
1747,4.38988,40.6551
1748,4.83826,40.2052
1749,4.6492,40.9591
1750,4.73126,40.2294
1751,4.85742,40.2579
1752,4.54589,40.8258
1753,4.46854,40.7713
1754,4.68916,40.9569
1755,4.4672,40.8495
1756,4.30911,40.1106
1757,4.85106,40.764
1758,4.99963,40.9146
1759,4.5095,40.5516
1760,4.48665,40.9157
1761,4.63915,40.7244
1762,4.57631,41.0704
1763,4.85986,41.1057
1764,4.76684,41.3571
1765,5.15061,41.4501
1766,5.20856,41.4416
1767,4.5689,41.0767
1768,4.49749,41.1516
1769,5.3233,41.7975
1770,4.56924,41.1516
1771,4.48738,41.0523
1772,4.80588,41.1175
1773,5.03277,42.3564
1774,5.24542,42.244
1775,5.13116,42.1216
1776,4.71235,42.4314
1777,5.21123,43.9746
1778,5.45998,43.696
1779,5.6547,43.5843
1780,5.17452,43.6174
1781,5.50509,43.6985
1782,5.38476,44.1868
1783,5.4052,44.8692
1784,5.61316,44.9098
1785,5.41084,44.5499
1786,5.62693,44.5307
1787,5.2965,44.5598
1788,5.61561,44.5932
1789,5.44809,44.7017
1790,5.56579,44.7482
1791,5.7127,44.6162
1792,5.75035,45.5073
1793,6.19325,45.8381
1794,5.51559,45.2493
1795,6.01094,45.6478
1796,5.82799,45.0535
1797,5.71459,45.9757
1798,5.78005,45.8642
1799,5.45581,45.2168
1800,5.55713,45.7695
1801,5.77961,45.8414
1802,5.5641,45.7168
1803,5.67069,45.2326
1804,5.84796,45.0046
1805,5.61368,45.2638
1806,5.89744,45.5504
1807,5.76754,45.3745
1808,6.05149,45.5162
1809,5.80916,45.3047
1810,6.05962,45.6571
1811,5.53848,45.6265
1812,5.74094,45.6572
1813,5.65974,46.5983
1814,5.89069,46.0234
1815,6.00861,46.5911
1816,5.81232,46.9337
1817,5.88575,46.5732
1818,6.14711,46.6594
1819,5.85393,46.6813
1820,5.85897,46.0608
1821,6.09487,46.6338
1822,5.96694,46.2848
1823,6.35649,46.9417
1824,6.08586,46.6374
1825,6.18285,46.52
1826,6.34717,46.6775
1827,6.28314,46.8444
1828,5.98314,46.9566
1829,6.50551,46.8964
1830,5.81821,46.9089
1831,6.14438,46.8155
1832,6.4064,46.7082
1833,5.68288,46.9571
1834,6.23813,46.6104
1835,6.01769,46.6613
1836,5.89754,46.6238
1837,6.1555,46.6083
1838,6.30457,46.8098
1839,6.0602,46.8142
1840,6.15356,46.7055
1841,5.91818,46.6647
1842,5.95115,46.4802
1843,5.98165,46.7217
1844,6.10751,46.34
1845,5.99781,46.9458
1846,5.88062,46.6781
1847,6.29308,46.7055
1848,6.38852,46.9291
1849,6.41661,46.901
1850,6.36378,46.9437
1851,6.32042,46.868
1852,6.25843,46.6781
1853,5.70624,46.9961
1854,5.88295,46.8645
1855,5.94935,46.7859
1856,6.11692,46.6921
1857,6.12502,46.9041
1858,6.45123,46.6432
1859,6.07609,46.7513
1860,6.0751,46.9539
1861,5.93522,46.785
1862,5.74938,46.9959
1863,6.33016,46.9988
1864,6.23792,46.933
1865,5.74951,46.6661
1866,5.98521,46.1724
1867,5.70899,46.1231
1868,5.69747,46.7965
1869,5.87129,46.0679
1870,5.95521,46.6633
1871,5.85072,46.4604
1872,5.95236,46.2409
1873,6.19247,46.6209
1874,5.74146,46.4546
1875,6.64974,46.7295
1876,6.25998,46.5987
1877,5.96605,46.8486
1878,6.02781,46.6032
1879,6.27561,47.846
1880,6.15184,47.9698
1881,6.77029,47.0457
1882,6.05324,47.3514
1883,6.14996,47.6145
1884,6.13254,47.0067
1885,6.18738,47.0217
1886,6.13212,47.7244
1887,6.254,47.4119
1888,6.32584,47.1517
1889,6.51151,47.4047
1890,6.51273,47.8473
1891,6.21722,47.5946
1892,6.49222,47.2216
1893,6.62209,47.166
1894,6.13877,47.8452
1895,6.21296,47.9478
1896,6.54076,47.4632
1897,6.54797,47.1409
1898,6.037,47.0693
1899,6.152,47.4448
1900,6.33288,47.1567
1901,5.94689,47.2665
1902,6.01527,47.0587
1903,6.34238,47.2234
1904,6.57335,47.9079
1905,5.97662,47.1461
1906,6.17751,47.1604
1907,5.99479,47.0676
1908,6.34985,47.9477
1909,6.46181,47.0701
1910,6.12377,47.3343
1911,6.28825,47.0502
1912,6.21881,47.143
1913,6.01349,47.002
1914,5.91759,47.0814
1915,6.45789,47.0576
1916,5.93646,47.2034
1917,6.08591,47.0766
1918,5.99016,47.1576
1919,6.22618,47.1723
1920,6.21494,47.6745
1921,6.03093,47.4357
1922,6.50851,47.2284
1923,5.97709,47.095
1924,6.18785,47.6378
1925,6.62436,47.1711
1926,6.14422,47.1278
1927,6.17755,47.5142
1928,6.33366,47.0125
1929,6.2332,47.0134
1930,6.62513,47.1768
1931,5.9648,47.8964
1932,6.0236,47.1462
1933,5.92644,47.1928
1934,6.00867,47.6901
1935,6.24097,47.6571
1936,6.34517,47.1291
1937,5.94796,47.7949
1938,6.17159,47.8907
1939,6.1378,47.714
1940,6.08515,47.2318
1941,6.09203,47.8454
1942,10.9631,47.1717
1943,6.31524,48.3936
1944,7.43647,48.6418
1945,6.3144,48.4041
1946,6.42699,48.7003
1947,6.30788,48.2848
1948,6.2707,48.2974
1949,6.1424,48.925
1950,6.23622,48.9819
1951,6.6082,48.6948
1952,6.25008,48.8261
1953,6.37173,48.5241
1954,6.25542,48.3568
1955,6.94308,48.0685
1956,6.3535,48.5522
1957,6.37462,48.1294
1958,6.17828,48.9182
1959,6.32213,48.8074
1960,7.39286,48.2023
1961,6.76124,48.7948
1962,6.57615,48.942
1963,6.62138,48.1151
1964,6.62986,48.3013
1965,6.32272,48.4005
1966,6.32929,48.3963
1967,6.20476,48.9186
1968,6.43284,48.3432
1969,6.32232,48.3985
1970,6.19615,48.248
1971,6.22802,48.3293
1972,6.33758,48.2814
1973,6.35087,48.5394
1974,6.23153,48.217
1975,6.2889,48.3859
1976,6.20259,48.2472
1977,6.6355,48.1458
1978,6.14002,48.6525
1979,6.47784,48.9136
1980,6.60289,49.0182
1981,6.83012,49.4282
1982,6.54146,49.0099
1983,6.40022,49.2919
1984,6.85299,49.8771
1985,6.84963,49.7737
1986,6.56331,49.6755
1987,6.45039,49.8135
1988,6.51796,49.0948
1989,6.52392,49.1513
1990,6.46489,49.1082
1991,6.42942,49.2593
1992,6.38098,49.2044
1993,6.43541,49.2613
1994,6.53078,49.1479
1995,6.78902,49.6055
1996,7.33583,49.0478
1997,6.65286,49.6499
1998,-2.23984,15.3748
1999,-1.74636,15.7457
2000,-1.62472,15.7079
2001,-1.59624,15.5407
2002,-1.68904,15.8816
2003,-2.59971,15.6065
2004,-1.36537,15.2793
2005,-1.15142,15.616
2006,-1.3124,15.7005
2007,-2.2063,15.017
2008,-1.67276,15.2695
2009,-1.37007,15.3446
2010,-2.56809,15.1894
2011,-2.3833,15.9435
2012,-1.78249,15.0863
2013,-2.12729,15.0241
2014,-1.36404,15.7412
2015,-0.876019,15.1167
2016,-1.13753,15.3012
2017,-1.71131,15.3007
2018,-1.35623,15.4747
2019,-1.57583,15.1037
2020,-0.893313,15.6455
2021,-0.801901,15.8425
2022,-1.06281,15.1313
2023,-1.12465,15.8636
2024,-2.40284,15.5505
2025,-2.10887,15.9496
2026,-1.69672,16.4488
2027,-1.94826,16.2855
2028,-2.57104,16.8173
2029,-2.74468,16.0807
2030,-1.60602,16.6378
2031,-1.82789,16.7553
2032,-1.99775,16.277
2033,-2.00764,16.1707
2034,-2.03525,16.8987
2035,-1.51328,16.135
2036,-1.29904,16.7274
2037,-2.4299,16.1396
2038,-2.91434,16.4795
2039,-2.26783,16.17
2040,-1.28605,16.5746
2041,-1.19716,16.7022
2042,-1.26015,16.3559
2043,-2.80657,16.5808
2044,-2.00303,16.5031
2045,-2.68454,16.0268
2046,-2.33814,17.8841
2047,-1.99212,17.0301
2048,-1.46463,17.0561
2049,-3.03205,17.5258
2050,-3.26505,17.3304
2051,-2.99077,17.2766
2052,-1.95636,17.1154
2053,-3.3634,17.3865
2054,-1.89219,17.2044
2055,-2.37973,18.9442
2056,-1.97033,18.663
2057,-2.10955,18.2696
2058,-3.13817,18.5313
2059,-2.34937,18.5409
2060,-2.88302,18.7542
2061,-2.06292,18.2072
2062,-3.16037,18.9725
2063,-2.00856,18.7898
2064,-2.73283,18.6168
2065,-2.05978,18.0184
2066,-2.04401,18.095
2067,-2.37995,19.9655
2068,-3.5513,19.8159
2069,-0.468467,19.5372
2070,-2.21712,19.7487
2071,-2.29355,20.3144
2072,-2.2768,20.204
2073,-2.47509,21.637
2074,-3.1116,21.099
2075,-3.66689,21.7046
2076,-3.82868,21.4486
2077,-3.87042,22.158
2078,-4.29312,23.9735
2079,-4.55364,23.5909
2080,-4.37769,24.6653
2081,0.73939,24.8149
2082,-6.27291,25.4394
2083,1.1802,25.2669
2084,-3.94757,26.0578
2085,1.22829,26.1288
2086,-7.08596,28.9113
2087,-0.717222,28.716
2088,-0.567357,28.9982
2089,-0.315918,28.8385
2090,1.77463,28.3463
2091,-5.25893,28.3415
2092,-0.683534,29.9088
2093,-0.305373,29.7265
2094,-0.220717,29.4567
2095,-0.429969,29.7462
2096,0.643229,29.6733
2097,-2.60623,29.8257
2098,-0.868085,30.6149
2099,-0.229683,30.3834
2100,-0.600715,30.8374
2101,0.228296,30.3517
2102,-0.129054,30.7379
2103,-0.0666658,30.8916
2104,0.307543,30.6057
2105,-0.490648,30.472
2106,0.0638411,30.3287
2107,-0.37083,30.6788
2108,0.21639,30.3611
2109,0.290186,30.8451
2110,0.21309,30.7538
2111,-0.666064,30.7813
2112,-0.150405,30.5116
2113,0.325316,30.5414
2114,-1.42473,30.9225
2115,-0.122261,30.441
2116,0.383764,30.3665
2117,-0.0475575,31.1159
2118,-0.688054,31.3401
2119,-0.223914,31.4532
2120,-0.241327,31.3112
2121,-0.194812,31.3274
2122,0.998067,31.703
2123,-0.498138,31.9479
2124,0.501811,31.844
2125,0.52173,31.7951
2126,0.876476,31.8637
2127,0.643935,31.8381
2128,0.647,31.7171
2129,0.984433,31.8785
2130,0.989959,31.9177
2131,0.864157,31.9847
2132,-0.4356,32.5883
2133,-0.281034,32.6203
2134,0.252698,32.4082
2135,-0.237217,32.1634
2136,-0.633135,32.3097
2137,0.0904014,32.2528
2138,-0.26168,32.2632
2139,-0.0495973,32.9362
2140,-0.0997992,32.3729
2141,0.834179,32.5041
2142,-0.271965,32.7013
2143,0.71637,32.475
2144,0.369069,32.213
2145,-7.73992,33.9681
2146,-0.36571,33.4069
2147,0.00976677,33.2279
2148,0.296575,33.9698
2149,0.595915,33.3466
2150,0.763499,34.5599
2151,0.766034,34.6532
2152,-0.896702,34.6587
2153,0.528033,34.1257
2154,2.17014,34.3221
2155,2.25229,34.7205
2156,0.856032,34.536
2157,-1.64295,34.421
2158,1.2707,37.2679
2159,1.41742,37.6718
2160,1.4405,37.919
2161,1.70629,37.6752
2162,1.44431,37.4907
2163,1.41783,37.5315
2164,2.31508,37.0978
2165,2.49022,37.182
2166,1.59474,37.4834
2167,1.56392,37.7716
2168,1.61172,37.6481
2169,2.5724,37.5476
2170,3.67068,37.0886
2171,2.61307,37.3886
2172,2.24606,37.9453
2173,2.24075,37.9315
2174,2.23881,37.9444
2175,3.64342,37.2617
2176,2.50433,37.0966
2177,3.65137,37.0978
2178,2.56806,37.5797
2179,2.59563,37.3682
2180,2.34306,37.5998
2181,1.87274,37.4552
2182,1.20526,37.4547
2183,1.70564,37.919
2184,1.38224,37.6935
2185,2.20733,37.8807
2186,0.646151,37.9082
2187,0.855708,37.8862
2188,1.81429,38.6423
2189,-0.613529,38.5682
2190,1.38493,38.7365
2191,-1.48043,38.6879
2192,2.24315,38.3293
2193,1.46209,38.447
2194,1.73527,38.6287
2195,1.53006,38.4903
2196,1.59472,38.4452
2197,1.2192,38.6608
2198,1.77261,38.6516
2199,1.5456,38.4151
2200,1.68814,38.5561
2201,1.74721,38.0144
2202,2.5604,38.3361
2203,1.37383,38.0684
2204,2.50714,38.9233
2205,2.65384,38.2302
2206,2.20474,38.0447
2207,3.54566,38.2575
2208,2.00845,38.023
2209,1.9418,38.3667
2210,3.067,38.8605
2211,3.39966,38.8373
2212,3.2922,38.6127
2213,3.24736,38.7291
2214,2.86473,38.4402
2215,1.16831,38.2042
2216,-0.202249,38.9914
2217,1.41108,38.5859
2218,1.48899,38.3934
2219,2.07972,39.86
2220,0.0924217,39.1918
2221,1.61504,39.4685
2222,0.958542,39.6767
2223,1.44028,39.4338
2224,0.120912,39.1445
2225,1.17457,39.5536
2226,0.408976,39.1969
2227,2.55793,39.3647
2228,3.14069,39.813
2229,1.32036,39.2681
2230,0.804547,39.4341
2231,2.68306,39.1739
2232,2.3735,39.3469
2233,2.97568,39.4496
2234,2.57657,39.4108
2235,3.25003,39.9747
2236,2.33949,39.9077
2237,2.93325,39.8945
2238,2.03734,39.6814
2239,3.27781,39.727
2240,2.69768,39.6324
2241,2.67284,39.3574
2242,2.11367,39.9805
2243,2.66542,39.9091
2244,1.83,39.5421
2245,3.98487,39.0656
2246,2.02297,41.4402
2247,3.04492,41.3582
2248,2.71644,41.5102
2249,2.56138,41.6099
2250,3.06229,41.1073
2251,2.30364,41.5204
2252,3.40784,41.9039
2253,2.94426,41.7369
2254,3.46097,41.2896
2255,4.35691,41.1704
2256,2.50153,41.5287
2257,4.35912,41.2437
2258,4.35487,41.2218
2259,3.32704,41.0031
2260,3.50147,41.5375
2261,2.69157,41.3885
2262,4.38691,41.3014
2263,3.49232,41.4751
2264,4.39625,41.0835
2265,0.644352,41.4894
2266,2.80686,41.7966
2267,0.234737,42.5537
2268,0.0804947,42.1
2269,2.68373,42.1112
2270,2.78889,42.8888
2271,2.53516,42.5728
2272,3.20915,42.6513
2273,3.06516,42.0954
2274,2.42476,42.2213
2275,2.41862,42.8444
2276,3.03075,42.7816
2277,1.88552,42.9542
2278,3.33551,42.2167
2279,2.77624,42.847
2280,2.46814,42.1056
2281,2.60538,42.1159
2282,2.54017,43.9165
2283,-1.31016,43.2376
2284,1.45907,43.4422
2285,2.30712,43.1952
2286,3.18495,43.0621
2287,3.22015,43.0498
2288,2.77009,43.8788
2289,4.70456,43.0674
2290,3.21028,43.2655
2291,3.17578,43.4144
2292,2.82395,44.6052
2293,2.37755,44.0966
2294,2.80923,44.6852
2295,2.76721,44.7373
2296,5.07457,44.9351
2297,-2.285,44.6978
2298,3.06733,45.685
2299,3.10161,45.9792
2300,5.3793,45.4362
2301,5.12482,45.1454
2302,-3.32643,45.1337
