-1.17889 , -0.927892 , 5.43084
0.774212 , -0.689327 , 4.2576
-0.230139 , -1.02436 , 5.46528
0.804638 , -1.47189 , 6.25494
0.442592 , -0.405048 , 3.71453
-1.29947 , -0.229731 , 3.74253
-0.367799 , -0.281038 , 3.50557
-1.09087 , -0.685671 , 5.009
0.558036 , -0.231441 , 3.33772
-0.455871 , -0.273786 , 3.54152
0.533726 , -0.49256 , 3.88445
-0.138325 , -0.594811 , 4.151
0.447809 , -0.662274 , 2.80476
0.768689 , -0.20145 , 3.17786
0.771463 , -0.207987 , 3.20315
-0.116655 , -0.29609 , 3.70819
-0.305825 , -0.239855 , 2.95302
0.901419 , -0.283756 , 3.01957
0.929956 , -0.136259 , 2.70065
0.0587806 , -0.186281 , 3.34953
-0.651526 , -0.222231 , 3.70639
0.486997 , -0.321687 , 3.5829
-0.825498 , -0.288937 , 3.60801
0.778324 , -0.209808 , 3.2344
-0.12 , -0.295829 , 3.76466
-0.155878 , -0.777895 , 4.64674
0.939817 , -0.976222 , 3.8768
0.0936956 , -0.312997 , 3.62841
0.807272 , -1.4734 , 6.28828
0.832756 , -0.482595 , 3.88082
-1.17771 , -1.22215 , 5.98114
0.802847 , -0.360986 , 3.6306
0.729068 , -0.374769 , 3.70951
0.934551 , -0.449648 , 3.44658
-0.278358 , -0.503482 , 4.11696
0.181152 , -0.560996 , 4.15591
-1.08645 , -0.626058 , 4.56033
0.0317598 , -0.337572 , 3.70495
0.786302 , -0.359343 , 3.55777
-1.62193 , -0.623301 , 5.03364
0.228115 , -1.2372 , 5.76389
0.316729 , -0.440561 , 3.93644
0.340325 , -0.758237 , 4.5184
1.01273 , -0.146281 , 2.58577
-0.0474232 , -0.24342 , 3.52203
-0.26777 , -1.63393 , 6.71472
-0.12118 , -1.59734 , 6.46681
0.857854 , -0.194392 , 2.9996
-1.27278 , -0.222748 , 3.61998
0.851404 , -0.242428 , 3.26704
-0.37975 , -0.29543 , 3.62058
-0.690342 , -0.346245 , 3.92789
-1.16468 , -0.636595 , 4.49876
0.76425 , -0.467867 , 3.62238
-0.969529 , -1.67529 , 9.84808
0.412036 , -0.400353 , 3.72356
0.481437 , -0.300944 , 3.44636
0.470507 , -0.307168 , 3.40258
-0.138537 , -0.478881 , 4.14845
-2.58203 , -8.50109 , 22.9588
-0.965195 , -8.08161 , 22.4498
0.693824 , -0.393009 , 3.6195
-1.5629 , -0.269395 , 4.42028
0.999247 , -0.198611 , 2.72639
-0.141612 , -0.612588 , 4.29268
-1.78721 , -0.591381 , 4.59418
0.774698 , -0.21878 , 3.30309
-0.491454 , -0.27813 , 3.67597
1.00601 , -0.353172 , 3.15301
0.577989 , -0.233033 , 3.47009
0.833979 , -0.211588 , 3.15454
-1.30066 , -0.941741 , 5.45321
-1.71412 , -1.37761 , 6.1003
-0.684522 , -0.633431 , 4.37042
0.807767 , -0.503219 , 3.84016
-0.770761 , -0.268383 , 3.51396
0.031262 , -0.325671 , 3.47091
0.450643 , -0.398897 , 3.70085
-1.69966 , -0.925903 , 5.62781
-2.0236 , -0.936736 , 6.0833
0.77835 , -0.2144 , 3.308
0.778622 , -0.188426 , 3.17775
0.842114 , -0.229864 , 3.22073
-0.972293 , -0.546834 , 4.57764
-0.128009 , -0.624779 , 4.15093
-0.1023 , -0.89858 , 4.74996
0.8004 , -0.477945 , 3.76234
-1.32185 , -2.51313 , 9.20268
0.0559576 , -0.451714 , 3.91102
-2.94212 , -1.82781 , 7.9852
-0.058771 , -0.627314 , 4.40517
-0.756415 , -0.672505 , 4.70527
-0.724834 , -0.268615 , 3.14388
0.31014 , -0.227802 , 2.8622
-1.31521 , -1.00902 , 5.86563
0.407184 , -1.16227 , 5.2837
-0.0484994 , -0.488397 , 3.94111
0.0523315 , -0.904066 , 4.95139
0.482393 , -1.9368 , 7.55128
-1.39408 , -0.780544 , 5.24552
0.423284 , -0.398683 , 3.88312
0.615072 , -0.453993 , 3.98748
0.20278 , -0.752138 , 4.69719
-0.145735 , -0.602191 , 4.40569
0.817576 , -0.479685 , 3.80341
0.769863 , -0.677241 , 4.18937
-1.90032 , -0.692246 , 5.74696
0.04383 , -0.661524 , 4.42032
-0.161584 , -0.601218 , 4.42604
0.762775 , -1.22679 , 5.58276
1.17584 , -1.09402 , 5.13489
0.920575 , -0.559597 , 3.95302
-0.636377 , -0.73188 , 4.72525
1.00211 , -0.808417 , 4.69603
0.369172 , -0.624747 , 4.56766
0.193017 , -0.552243 , 4.32249
0.531182 , -0.815828 , 4.91161
0.725813 , -0.605946 , 4.16613
0.615194 , -0.596613 , 4.31248
1.57844 , -1.87563 , 6.76746
1.59921 , -1.87357 , 6.84149
-0.270157 , -0.650674 , 4.4352
-0.165697 , -0.794852 , 4.93611
0.628921 , -0.599121 , 4.32012
1.22759 , -1.45511 , 5.70557
1.59336 , -1.88852 , 6.8152
-0.270239 , -0.870537 , 5.12071
-0.784617 , -0.637609 , 4.63613
-0.450579 , -1.19004 , 5.79822
-1.3275 , -2.48745 , 8.87667
-0.678794 , -1.4606 , 6.42884
0.773163 , -0.601706 , 4.34958
-0.177083 , -1.88048 , 7.48582
-1.1221 , -1.20272 , 5.76348
-0.0774796 , -1.32308 , 6.05859
1.15072 , -0.995888 , 4.72631
1.18116 , -1.1014 , 5.15416
0.0824372 , -1.37597 , 6.06301
-0.416902 , -1.7587 , 7.21036
-0.130161 , -1.9702 , 7.73507
1.1946 , -0.99915 , 4.8395
0.0840467 , -1.38911 , 6.25132
-0.281319 , -1.64236 , 6.89157
-0.664696 , -1.92242 , 7.59998
-0.20162 , -2.15701 , 8.41677
1.03146 , -1.50668 , 6.41974
-0.0733306 , -1.38829 , 6.17875
0.736656 , -0.972634 , 5.31845
-1.45204 , -2.00197 , 7.74019
-0.463391 , -1.8728 , 7.53496
0.830009 , -1.10694 , 3.69413
-1.47488 , -2.0226 , 7.85373
1.19767 , -1.34573 , 5.63491
-7.15085 , -4.93847 , 18.2161
0.841442 , -1.48568 , 6.3891
-0.317689 , -1.17918 , 5.95335
-2.11016 , -1.63295 , 7.89307
-0.0900531 , -1.40626 , 6.59651
1.06227 , -1.51833 , 6.55734
-1.3129 , -2.47861 , 8.83761
-1.7838 , -2.1609 , 8.70604
-0.124921 , -1.96431 , 7.6833
0.842156 , -1.48542 , 6.43499
-0.325738 , -1.90273 , 7.71055
-0.81935 , -1.31186 , 6.26439
-0.0750236 , -1.31526 , 6.23917
0.357068 , -1.35395 , 6.36594
0.232246 , -1.45729 , 6.61695
0.0293988 , -1.77111 , 7.00107
0.0902276 , -1.39803 , 6.5428
0.401032 , -1.37528 , 6.48877
-1.35712 , -2.50157 , 8.96979
0.574018 , -1.34909 , 6.33327
0.964843 , -1.36101 , 5.89744
0.575539 , -1.52915 , 6.70471
0.577355 , -1.79568 , 7.12318
-1.54609 , -2.67424 , 9.75344
-0.426755 , -1.72132 , 7.24583
0.803237 , -1.36629 , 6.18581
0.35144 , -1.41222 , 6.57426
0.256748 , -1.68685 , 6.89563
-0.329814 , -2.01635 , 7.76775
0.23707 , -1.4489 , 6.67326
-0.451183 , -1.58068 , 6.84434
-0.00949414 , -1.52894 , 6.95509
1.0081 , -1.79078 , 7.2972
-0.739583 , -1.51817 , 6.85638
-0.698507 , -1.9929 , 8.114
-2.16894 , -2.1426 , 7.93224
-1.28622 , -1.97895 , 8.10515
0.433159 , -1.88854 , 7.68569
-1.38962 , -2.57662 , 9.90006
-0.328814 , -2.20759 , 8.25234
-1.07176 , -2.37351 , 8.68175
-0.286572 , -1.93743 , 7.72945
-0.0734977 , -2.26808 , 8.81876
-0.881421 , -1.99994 , 7.99761
-1.47337 , -2.58013 , 9.35251
0.80085 , -2.2383 , 8.33628
0.524524 , -2.0545 , 7.96254
-1.88507 , -2.38795 , 9.24905
0.655056 , -1.81107 , 7.46114
-0.00111963 , -1.68326 , 5.4276
0.288582 , -2.39228 , 9.27551
0.818887 , -2.12451 , 8.04638
-1.18478 , -2.80856 , 10.1538
-0.373195 , -1.9078 , 7.73085
-0.57725 , -2.19976 , 8.42696
-0.841884 , -1.99505 , 7.95919
-0.740615 , -2.23372 , 8.45961
-1.05352 , -2.72223 , 9.63389
-0.222297 , -2.69539 , 9.60331
-0.611256 , -2.25292 , 8.48077
-0.661009 , -2.74484 , 10.5852
-0.204966 , -3.00994 , 10.8399
-1.46504 , -2.3728 , 9.08477
-1.43008 , -2.55229 , 9.18464
0.593397 , -1.96672 , 7.87524
0.818875 , -1.91025 , 7.65392
-1.52428 , -2.59129 , 9.48878
0.570122 , -2.07109 , 8.25029
0.839876 , -2.25344 , 8.47747
-0.667426 , -2.28324 , 8.72562
-0.247685 , -2.46802 , 9.35237
0.957718 , -2.06216 , 7.03058
0.858357 , -2.0429 , 7.94106
-0.00308712 , -2.18257 , 8.4922
-0.205273 , -2.73186 , 9.85433
0.0652051 , -2.07204 , 8.26114
-0.319724 , -2.25538 , 8.61527
0.806163 , -2.59507 , 9.45969
0.620804 , -1.96559 , 7.99678
0.708619 , -2.11202 , 8.09796
0.315096 , -2.72928 , 9.90425
0.827568 , -2.04143 , 7.80783
0.45573 , -2.05457 , 8.23132
-0.736576 , -2.22514 , 8.4438
0.0149954 , -2.28298 , 8.75777
-1.45798 , -2.56763 , 9.28277
0.902025 , -2.37576 , 9.04003
-0.0756797 , -2.1215 , 8.38623
-0.514475 , -2.19704 , 8.43116
0.000859359 , -2.17591 , 8.49513
0.425616 , -2.33123 , 8.92127
-0.205249 , -2.76128 , 10.0581
0.239156 , -2.11218 , 8.4469
-0.663181 , -2.32956 , 8.68728
-1.88737 , -3.10809 , 10.6873
-0.196006 , -2.4317 , 9.21824
-0.157128 , -2.66682 , 9.49748
-0.865928 , -2.58919 , 9.36691
1.15182 , -2.48935 , 9.64697
0.827488 , -2.27254 , 8.57532
0.817332 , -2.31326 , 8.73824
-0.384033 , -2.60931 , 9.56684
-1.16341 , -2.70514 , 9.74899
1.17192 , -3.11861 , 10.2258
-2.1043 , -2.50479 , 7.66788
0.913291 , -2.09834 , 7.67432
-1.43661 , -2.55501 , 9.20665
0.363848 , -2.34234 , 9.00963
0.731868 , -2.1111 , 8.16673
1.10956 , -3.35942 , 11.3872
-0.623182 , -3.29095 , 10.9903
-5.94545 , -4.98535 , 17.976
0.192381 , -3.18444 , 10.7604
-0.191441 , -2.36518 , 8.83827
-0.0801188 , -3.26926 , 11.0693
-0.718926 , -2.85286 , 10.2906
-0.0463028 , -2.53197 , 9.39609
0.576659 , -2.95303 , 10.1972
-0.356355 , -3.64111 , 11.8825
-0.938883 , -2.82752 , 9.89065
-1.78169 , -2.63136 , 9.95526
-2.00281 , -3.11599 , 9.82758
-1.1774 , -2.47616 , 8.52106
-0.466065 , -3.5392 , 11.8776
0.73535 , -2.73097 , 9.66712
1.19957 , -2.21401 , 8.70132
-0.0289228 , -2.48037 , 9.27767
0.563969 , -2.5121 , 9.53426
-2.10375 , -3.93865 , 12.8968
0.990209 , -2.34994 , 8.75507
-0.578777 , -2.68649 , 9.41099
0.782548 , -2.52876 , 9.1692
-0.6897 , -2.99456 , 10.275
-0.114809 , -2.94989 , 10.3043
0.729997 , -2.3839 , 8.92861
0.0579571 , -2.5733 , 9.3718
1.05235 , -2.46643 , 8.88744
1.0534 , -2.89409 , 9.53839
-0.105901 , -2.64446 , 8.89883
0.8408 , -3.81945 , 12.4903
-0.409165 , -2.46018 , 8.94384
-1.42136 , -3.18871 , 10.8738
0.382466 , -2.84175 , 9.42736
0.760437 , -3.35303 , 11.301
-0.848419 , -2.7377 , 9.69848
0.578605 , -2.62397 , 9.39389
0.115117 , -3.12271 , 10.8473
-0.923879 , -3.15805 , 10.7348
-0.348476 , -2.59826 , 9.41595
-0.257996 , -2.61311 , 9.47058
0.776246 , -2.74239 , 9.86381
-1.08217 , -3.08208 , 10.625
0.546029 , -2.49437 , 9.37246
-0.915674 , -2.7445 , 9.90472
-0.112761 , -2.81541 , 9.86167
0.0936724 , -2.65032 , 9.64854
0.848937 , -2.43991 , 8.92388
-2.10872 , -3.80837 , 12.7017
0.555872 , -2.48719 , 9.3786
0.861969 , -2.50879 , 9.18538
0.857553 , -2.50714 , 9.16548
-0.372092 , -2.76173 , 9.82389
0.0630199 , -2.56326 , 9.58875
0.171487 , -3.53882 , 11.941
-0.502046 , -2.94377 , 9.71883
-1.02102 , -2.81609 , 9.94451
-0.165935 , -2.938 , 10.2368
0.839034 , -3.04493 , 10.8695
0.826654 , -3.0392 , 10.8001
1.13051 , -3.44362 , 11.7567
0.72828 , -2.63247 , 8.71903
0.967209 , -2.47808 , 8.71334
-0.922003 , -2.76987 , 9.58119
0.0936337 , -2.62922 , 9.59428
-1.39182 , -2.78435 , 10.227
-1.5755 , -3.19791 , 11.1119
0.340278 , -2.72311 , 10.1089
0.800818 , -2.66137 , 9.4944
-1.0358 , -2.80199 , 9.94407
0.841355 , -2.52035 , 9.37785
0.259671 , -2.7073 , 9.87231
0.610653 , -2.66594 , 9.87844
0.777126 , -2.74579 , 9.86779
0.988876 , -2.76869 , 9.8744
0.912014 , -2.76114 , 9.94428
0.628293 , -2.98344 , 10.5401
-0.390245 , -2.73864 , 9.87349
0.628898 , -2.59361 , 9.76544
0.833575 , -2.73616 , 10.0693
0.827702 , -2.72943 , 10.025
0.145614 , -2.69765 , 9.1774
0.66523 , -2.97138 , 10.7029
-0.691495 , -3.03436 , 9.64533
-2.21508 , -3.1136 , 11.6466
1.21269 , -3.15076 , 10.8308
-0.319094 , -3.63075 , 11.8806
-1.08354 , -3.00364 , 10.3639
1.01509 , -2.76403 , 9.8443
0.530252 , -2.90384 , 10.5914
0.613843 , -2.81151 , 10.2402
0.662593 , -2.95855 , 10.6263
0.896795 , -2.73265 , 9.79955
0.823048 , -2.82297 , 10.1709
-0.968219 , -3.70184 , 12.3805
-0.00983304 , -2.95341 , 10.5289
0.216693 , -3.2716 , 11.4657
-1.90814 , -3.21028 , 11.6334
0.345664 , -2.68023 , 10.0042
0.131134 , -2.98374 , 10.413
1.02828 , -2.86713 , 9.94673
0.671659 , -2.97095 , 10.7252
0.520443 , -2.93276 , 10.6229
0.348251 , -2.66596 , 9.9542
0.353161 , -3.21519 , 11.2537
0.604859 , -2.95966 , 10.3219
0.83816 , -2.50851 , 9.31812
0.829338 , -2.66401 , 9.76519
-1.01744 , -3.80043 , 12.1371
0.633529 , -2.61943 , 9.86191
0.772452 , -3.30769 , 10.9986
0.990301 , -2.76921 , 9.78599
0.44693 , -3.33133 , 11.3776
-1.8919 , -3.22335 , 11.6263
0.119839 , -3.06365 , 10.3752
0.688648 , -2.95897 , 10.7963
0.818228 , -2.87428 , 10.2822
-0.239221 , -3.12489 , 10.7186
0.874855 , -2.84154 , 10.4244
-1.43052 , -3.65158 , 12.2058
-2.05084 , -4.49454 , 14.2991
0.623286 , -2.81577 , 10.3267
0.617505 , -2.80749 , 10.2564
0.995317 , -2.98848 , 10.4238
0.166655 , -2.66555 , 9.82215
0.339853 , -2.67042 , 9.89806
-0.575383 , -3.13765 , 10.6464
-0.763353 , -3.29963 , 10.7905
-1.35119 , -3.70011 , 11.8139
0.235205 , -2.82865 , 10.1911
-0.600442 , -2.98418 , 10.2133
0.620348 , -2.9687 , 8.94138
0.618174 , -2.97137 , 8.94356
0.624238 , -2.97283 , 8.95808
0.981777 , -3.01939 , 10.5998
-0.0856797 , -3.24992 , 11.1689
0.811402 , -4.01552 , 12.7107
1.38474 , -3.24034 , 10.9559
0.832809 , -2.82368 , 10.221
0.458381 , -3.31666 , 11.4348
1.13584 , -2.95012 , 10.3587
1.00509 , -2.99953 , 10.6858
1.19604 , -3.39349 , 11.7568
-0.612766 , -3.27456 , 10.8532
-2.23533 , -4.3727 , 13.5935
-0.0883682 , -3.2583 , 11.1971
1.01457 , -2.96606 , 10.5329
-1.46947 , -3.82708 , 12.1042
0.205488 , -3.20432 , 11.1174
0.876354 , -3.19733 , 11.2141
-0.0802862 , -3.49545 , 11.7915
0.177416 , -3.46005 , 11.6821
-1.4317 , -3.95923 , 12.1191
-0.395563 , -3.66172 , 12.2463
1.13403 , -3.38545 , 11.5083
1.0927 , -3.50262 , 11.7574
-2.09313 , -4.21131 , 13.9162
0.299359 , -3.89159 , 12.8339
-0.447348 , -3.96971 , 12.9105
-0.17396 , -4.30499 , 13.6073
-0.677202 , -3.80986 , 12.4008
0.650328 , -4.61326 , 14.9362
0.029595 , -4.24797 , 13.8666
-0.265955 , -4.60535 , 14.4301
-3.17643 , -7.36569 , 20.6137
0.876574 , -4.98296 , 14.9696
0.765199 , -5.37759 , 17.1023
-1.03248 , -5.19951 , 15.5741
-0.599163 , -4.58543 , 14.3104
-0.845903 , -4.1503 , 13.1681
-1.92821 , -6.11212 , 17.1325
-0.541998 , -3.98479 , 12.7517
-0.453989 , -4.52073 , 14.177
0.231792 , -5.56602 , 17.0674
-0.729395 , -4.51852 , 14.0999
0.356206 , -4.34363 , 14.1868
-0.366549 , -4.73923 , 15.3968
-0.309947 , -4.52083 , 14.5619
0.311906 , -4.73078 , 15.1706
0.268021 , -4.6948 , 14.6686
0.505271 , -3.98903 , 13.1133
-0.429581 , -4.40714 , 13.6227
0.901607 , -5.03093 , 15.1101
-0.568973 , -4.7611 , 14.6509
0.162251 , -4.34313 , 13.855
-1.0939 , -5.26455 , 15.7543
0.726103 , -3.87226 , 12.9208
0.30307 , -4.04567 , 13.327
-0.840285 , -4.32634 , 13.6248
-0.293787 , -4.06033 , 12.9959
0.633175 , -4.56726 , 14.6837
-0.672489 , -4.11778 , 12.9942
0.48151 , -4.8638 , 15.7647
0.683328 , -4.96261 , 15.6609
-0.410043 , -5.00981 , 15.4466
-0.414588 , -5.24526 , 15.9675
0.949447 , -5.24983 , 16.5872
0.671779 , -4.9626 , 15.6415
-1.84972 , -5.44884 , 16.3362
-0.326373 , -5.03536 , 15.6245
0.434325 , -4.86032 , 15.3606
-0.547894 , -5.19382 , 15.633
-0.704131 , -6.17324 , 18.0496
0.769184 , -4.69889 , 14.9568
-1.33016 , -5.4847 , 16.1897
0.523252 , -4.71049 , 14.9471
-1.33473 , -4.36238 , 13.7195
-0.390338 , -4.23805 , 13.6279
0.800453 , -4.19437 , 13.5708
-0.0664516 , -4.2939 , 13.6484
-1.1783 , -5.34189 , 16.0822
-1.1546 , -5.32484 , 15.9923
-1.32122 , -4.96249 , 15.0106
0.678008 , -4.57122 , 14.9367
-0.705104 , -6.1788 , 18.0818
-1.13309 , -5.26891 , 15.767
0.153797 , -4.99644 , 15.7726
-0.265809 , -4.5267 , 14.4971
0.655607 , -4.32181 , 14.545
-1.63692 , -4.92363 , 15.0857
-0.0596561 , -4.52648 , 13.7097
-0.483268 , -4.53519 , 14.333
0.100272 , -4.5819 , 14.5656
0.610387 , -4.55884 , 14.5356
0.551771 , -4.70734 , 15.0745
0.755839 , -4.46019 , 14.6594
-0.146086 , -5.27773 , 16.0526
1.03346 , -5.41676 , 17.1449
-0.387399 , -5.23841 , 15.8477
-2.15637 , -7.01939 , 18.7982
-1.94741 , -5.49291 , 16.5821
0.452867 , -4.86875 , 15.5543
0.115528 , -5.60491 , 17.0458
-0.346787 , -4.87342 , 15.1065
-0.850387 , -24.942 , 62.6295
-0.872563 , -24.4884 , 61.6652
0.156446 , -4.9759 , 15.7537
0.582646 , -4.73436 , 15.3919
-1.04921 , -5.20442 , 15.425
-0.0125774 , -4.99319 , 15.6726
-0.540196 , -5.18227 , 15.5567
0.743668 , -4.46573 , 14.613
0.864001 , -4.88007 , 14.8935
-0.465004 , -6.50413 , 19.2531
0.475305 , -4.8411 , 15.6556
0.568355 , -4.93925 , 15.9174
-0.585387 , -5.47111 , 16.4697
-0.168893 , -5.30164 , 16.3284
0.558638 , -4.94162 , 15.8477
-0.916158 , -5.65311 , 16.6664
0.0307625 , -5.55835 , 17.0975
0.457572 , -4.86838 , 15.6197
0.16622 , -4.92589 , 15.7231
0.130087 , -4.9818 , 15.6452
0.174578 , -5.08091 , 15.8977
-1.57082 , -5.6044 , 16.8231
0.545493 , -5.2002 , 16.2262
-0.783586 , -5.25894 , 15.7768
-1.46787 , -6.70164 , 19.3916
0.245069 , -4.83944 , 15.5568
-0.740083 , -5.23484 , 15.603
0.646087 , -4.83351 , 15.37
-1.25885 , -6.55817 , 18.7649
0.929454 , -5.12568 , 15.8924
0.551586 , -4.95255 , 15.8602
0.653386 , -4.83319 , 15.4459
-0.692447 , -5.36072 , 15.9771
1.10112 , -5.1793 , 15.7786
-0.174802 , -5.31522 , 16.4355
-0.280418 , -5.2142 , 15.7918
-0.338692 , -5.06716 , 15.8714
0.420356 , -4.94407 , 15.8849
-2.47095 , -6.78337 , 19.5974
0.733066 , -4.68731 , 13.9133
-0.262684 , -5.01986 , 15.5542
-0.86236 , -5.27468 , 15.9834
0.903231 , -4.94543 , 15.3628
0.940436 , -5.07835 , 16.0132
-0.390357 , -5.48994 , 16.7306
0.169201 , -4.9267 , 15.7526
0.898855 , -4.91202 , 15.0347
-0.768538 , -5.39275 , 16.2526
0.498327 , -5.40546 , 16.9667
-0.0566543 , -6.31571 , 18.8041
0.194922 , -6.16407 , 18.6729
0.672224 , -5.21283 , 14.5298
0.742693 , -5.35756 , 16.8895
0.530476 , -5.20158 , 16.3507
-0.952168 , -5.68411 , 16.786
0.769746 , -5.14571 , 14.5704
0.417702 , -5.34871 , 16.8752
-0.338038 , -5.58995 , 16.8581
0.869966 , -5.25169 , 16.2979
-0.716632 , -6.18297 , 18.0954
-0.0969598 , -6.40741 , 19.3033
0.755831 , -5.16569 , 16.1718
-0.981558 , -5.81242 , 17.2176
0.466212 , -5.43747 , 17.1289
-0.89087 , -6.11821 , 17.7912
0.126331 , -5.62342 , 17.3109
0.123709 , -5.62471 , 17.2566
-0.453984 , -6.42029 , 18.7852
-0.0820244 , -5.66907 , 17.2519
-0.167296 , -5.39417 , 16.5061
0.26783 , -5.55866 , 17.1647
0.458829 , -5.43436 , 17.0569
0.465804 , -5.43217 , 17.1315
-0.368628 , -5.45803 , 16.5431
0.248119 , -5.5836 , 17.3177
-0.411784 , -5.7624 , 17.2656
-0.877452 , -5.75038 , 17.148
-1.59103 , -5.9954 , 17.6767
-0.0962323 , -5.67693 , 17.4721
0.474483 , -5.41944 , 17.1525
0.00915894 , -5.71409 , 17.55
-0.368263 , -6.25075 , 18.5886
0.134951 , -5.99044 , 18.2389
0.192114 , -6.16926 , 18.7435
0.631626 , -5.51535 , 17.3661
-1.38565 , -7.15627 , 20.1239
0.77504 , -5.39893 , 16.8294
0.358518 , -5.95843 , 18.3317
0.189407 , -8.27415 , 24.442
-1.20829 , -10.0569 , 27.2641
-2.17269 , -9.4088 , 24.6052
-0.568238 , -8.91986 , 25.1853
-1.10588 , -9.67166 , 26.2412
-0.752837 , -8.69324 , 24.3769
-0.75972 , -9.15501 , 25.3306
0.592038 , -8.56733 , 25.1701
-0.401897 , -6.43957 , 18.9949
0.134165 , -5.84569 , 17.4112
-0.295806 , -7.43709 , 21.7629
-1.04566 , -6.80324 , 19.5023
0.394038 , -6.30229 , 19.2693
-0.303301 , -6.90412 , 20.4298
-2.02972 , -7.73443 , 21.4626
-0.541756 , -6.13899 , 18.2355
-0.979484 , -6.77523 , 19.3148
-0.412212 , -6.61721 , 19.3891
0.137675 , -6.00695 , 18.4769
0.0874822 , -6.13632 , 18.5718
-0.118182 , -5.94756 , 18.3048
-0.517431 , -6.12369 , 18.2838
-0.215664 , -6.27553 , 18.7473
0.0737415 , -6.37471 , 18.9733
0.239487 , -6.48086 , 19.5342
-0.903923 , -7.07123 , 20.1005
-1.27226 , -7.51874 , 20.6979
-1.05084 , -6.82345 , 19.5354
-0.71806 , -6.94865 , 20.0042
0.554899 , -6.02801 , 18.6675
-2.0101 , -7.39184 , 20.7237
-0.425439 , -6.62411 , 19.5042
-0.599108 , -7.12811 , 20.5719
0.207021 , -6.1578 , 19.031
-0.986776 , -6.77961 , 19.3205
-1.28299 , -7.52765 , 20.7441
-0.715006 , -6.9355 , 19.9728
-0.924407 , -7.11038 , 20.256
-0.576329 , -7.10261 , 20.4441
0.177982 , -6.57382 , 19.73
-1.32655 , -7.55897 , 20.86
-0.227435 , -7.12465 , 20.9306
0.109272 , -7.05403 , 20.6879
0.32219 , -7.49946 , 22.1069
-1.76101 , -8.26746 , 22.4039
0.0950454 , -6.38071 , 19.0835
-0.623124 , -6.82815 , 19.801
-1.70407 , -7.16672 , 19.8459
0.159439 , -6.97701 , 20.738
-1.70915 , -7.50528 , 20.5865
-1.41441 , -8.75655 , 23.8621
0.410706 , -6.4446 , 19.7804
-0.494399 , -7.69974 , 22.1274
-0.0220845 , -6.56894 , 19.8089
-0.24225 , -6.89629 , 20.3291
-0.152231 , -8.09468 , 23.2187
-1.61796 , -7.25551 , 20.4695
-1.12645 , -7.16006 , 20.1601
0.35207 , -6.64535 , 20.1805
-0.9654 , -8.67715 , 24.0789
-1.29756 , -9.75616 , 26.2212
0.0245779 , -8.09569 , 24.0825
-0.479852 , -8.38283 , 23.9592
-0.188523 , -8.12977 , 23.5187
-0.241241 , -6.88949 , 20.2836
-0.395511 , -7.17312 , 21.0341
-2.23554 , -9.57876 , 25.1908
-1.54064 , -7.40488 , 20.1792
-2.00209 , -7.68991 , 20.9897
-1.33044 , -8.15598 , 22.4532
-0.639302 , -7.72393 , 22.2583
-1.75865 , -8.27159 , 22.3685
-0.839367 , -7.9104 , 22.2233
-0.220429 , -7.10787 , 20.9321
-0.907032 , -7.08525 , 20.1846
-0.953693 , -8.34608 , 23.1456
-0.0902059 , -7.36757 , 21.244
-0.447088 , -7.68502 , 21.9002
-1.68278 , -8.18291 , 22.088
-0.582882 , -7.09925 , 20.4671
-0.610795 , -7.12958 , 20.6818
-1.49693 , -8.64101 , 23.3708
0.418526 , -8.0985 , 23.184
0.585798 , -6.95894 , 19.82
-2.61738 , -8.42972 , 22.8076
0.0939162 , -7.04493 , 20.8421
-0.576593 , -7.68968 , 21.9889
0.119754 , -7.47088 , 21.9854
0.38824 , -6.81735 , 20.8155
0.512821 , -6.88579 , 20.6518
-0.855864 , -7.33498 , 20.8153
0.438539 , -7.04862 , 21.0876
-0.356611 , -7.46634 , 21.5677
-0.377896 , -7.50888 , 21.8101
-1.14956 , -7.98183 , 21.7887
-0.69328 , -7.40812 , 21.2996
-1.78332 , -8.25842 , 22.353
-0.894533 , -7.35141 , 20.9361
-2.061 , -8.10444 , 22.0504
-0.0790259 , -7.33961 , 21.7485
-0.177625 , -7.14806 , 20.7598
0.041161 , -7.0387 , 20.9287
-1.32452 , -7.55872 , 21.2197
0.114239 , -7.06416 , 20.7462
-0.293587 , -7.30678 , 21.2999
-0.564658 , -7.66237 , 21.8706
-1.50994 , -10.0647 , 26.8111
-1.86529 , -8.29357 , 22.7657
0.121508 , -7.04784 , 21.1194
-0.880395 , -8.14999 , 22.8956
-0.465148 , -7.71405 , 22.0948
-1.94283 , -8.36399 , 22.7199
-2.132 , -9.43535 , 24.7165
-0.0421589 , -7.79206 , 22.6809
-0.970246 , -7.48636 , 21.1578
-0.927487 , -8.32056 , 23.0671
-0.606677 , -8.10997 , 23.2055
-0.558874 , -7.65913 , 21.87
-0.164824 , -7.41726 , 21.9145
0.417523 , -8.06313 , 23.6141
-0.290608 , -7.48947 , 21.8909
-2.04742 , -9.54151 , 25.2369
-1.25939 , -8.0456 , 21.7887
-1.88013 , -9.544 , 25.1383
-1.27199 , -8.15032 , 22.4629
0.159826 , -8.24447 , 23.9956
-1.31351 , -9.15733 , 24.5384
-0.73499 , -8.67794 , 24.2149
-0.992152 , -8.37144 , 23.3066
-0.0350066 , -7.79305 , 22.9093
0.138365 , -8.24256 , 23.8637
-2.14303 , -9.59148 , 25.38
-0.526663 , -8.28507 , 23.4843
-2.64766 , -9.1573 , 24.5483
0.344652 , -7.95627 , 23.5802
-1.92344 , -8.61349 , 23.4224
-0.432079 , -8.84056 , 24.873
-1.30692 , -8.58487 , 23.5659
0.00606185 , -8.08048 , 23.4742
-1.36489 , -24.2445 , 60.0049
-2.52236 , -25.6228 , 60.4858
-0.996717 , -8.91732 , 24.644
-1.61966 , -9.41175 , 25.1342
-1.56557 , -9.19511 , 24.6806
-1.8708 , -9.82679 , 25.5753
-0.760385 , -8.69186 , 24.4098
0.444993 , -8.20405 , 24.0474
-1.02004 , -8.94605 , 24.8025
0.244511 , -8.86425 , 25.7036
-2.78785 , -9.91737 , 26.4397
-2.38998 , -10.1124 , 25.863
0.490403 , -8.18889 , 24.2816
0.0202866 , -8.7873 , 25.6602
0.307946 , -8.94171 , 25.9632
-0.228772 , -9.31203 , 26.2141
-0.172595 , -9.00487 , 25.8428
-0.765851 , -8.89285 , 24.8109
0.46071 , -8.38659 , 24.5968
0.502819 , -8.33099 , 24.5579
0.037397 , -9.13881 , 26.1788
-0.886727 , -9.28329 , 25.6095
-0.591837 , -10.4536 , 29.226
-4.03831 , -12.6474 , 31.4386
-0.676289 , -9.0068 , 25.169
0.0292342 , -9.55433 , 27.1217
-2.40024 , -10.8074 , 27.5908
-1.96813 , -9.58029 , 25.8247
-1.20797 , -10.0076 , 27.2004
-1.8492 , -9.69413 , 26.0132
-1.4139 , -9.35222 , 25.3746
-1.24499 , -10.0508 , 27.3309
-1.37917 , -9.36897 , 25.5583
-0.138199 , -8.933 , 25.788
-0.811649 , -9.80304 , 26.9422
-0.87903 , -10.2853 , 28.2934
-1.18205 , -10.0093 , 27.1488
0.477982 , -8.57852 , 25.1083
-0.429898 , -9.08083 , 26.0288
0.0782177 , -9.12859 , 26.4963
-0.211986 , -9.36962 , 26.7736
-1.46752 , -10.0487 , 26.7027
0.319894 , -9.03163 , 26.2818
-0.834025 , -10.2033 , 27.9941
0.105888 , -9.6682 , 27.7554
-0.0828947 , -9.90774 , 28.6328
0.375696 , -8.78189 , 25.5731
-0.348827 , -9.55897 , 27.553
-1.53028 , -10.0635 , 27.0468
-0.830475 , -10.1993 , 28.0323
-0.534114 , -10.1385 , 28.9223
-2.13399 , -10.1885 , 27.1587
0.415077 , -8.71211 , 25.1257
-0.355997 , -9.20798 , 26.4523
-0.686136 , -9.29885 , 25.9293
0.116231 , -8.87651 , 25.788
-0.454927 , -9.80151 , 27.41
-2.48808 , -11.2358 , 28.3105
-1.54211 , -10.6427 , 28.5095
0.171249 , -9.06651 , 24.634
0.383988 , -8.85981 , 25.782
-2.48109 , -10.4588 , 27.7692
-1.1093 , -9.75721 , 26.679
0.368328 , -9.07947 , 26.3322
0.226001 , -9.24304 , 26.7385
-3.99108 , -12.021 , 29.9929
0.22958 , -9.24485 , 26.7864
-0.25745 , -9.64565 , 27.6813
-1.13941 , -9.96675 , 26.9904
-0.34894 , -9.19584 , 26.4247
-2.32362 , -10.2677 , 27.4086
-1.50839 , -9.94876 , 27.135
0.349097 , -9.04574 , 25.9711
0.170758 , -9.11839 , 26.4688
-2.05616 , -10.6542 , 28.2446
-0.0587814 , -9.03393 , 26.2904
-0.0602299 , -9.0373 , 26.0431
-1.18169 , -9.71231 , 26.5702
-1.49352 , -9.85459 , 26.6805
-2.12734 , -10.3212 , 27.4153
-0.201264 , -9.34157 , 26.7349
-0.977588 , -10.0376 , 27.3945
0.435615 , -8.8058 , 25.5468
-0.567495 , -9.32678 , 26.3105
-2.56808 , -10.7163 , 27.3679
0.439963 , -9.8858 , 28.5393
0.188415 , -9.11892 , 26.6626
-0.865949 , -9.83472 , 27.0724
-0.824919 , -9.80189 , 27.0842
0.074742 , -9.62384 , 27.8341
-1.56838 , -10.0886 , 26.9992
-2.39084 , -11.2577 , 28.4639
-0.313876 , -9.35695 , 26.8681
0.0972429 , -9.65221 , 27.5824
-1.51022 , -10.09 , 26.8599
0.342168 , -9.01839 , 26.1855
-0.813313 , -10.1832 , 27.9465
-2.36355 , -11.0745 , 28.1979
-1.15458 , -10.3489 , 27.8728
0.0444161 , -9.91154 , 28.2654
-1.60311 , -10.9442 , 28.8584
-0.308552 , -9.41179 , 26.9066
-1.77757 , -10.5986 , 27.8126
-0.394574 , -10.608 , 29.9958
-1.90913 , -11.4732 , 30.152
0.00108394 , -9.30661 , 26.9322
-2.87656 , -11.6189 , 29.08
-0.97477 , -11.278 , 30.7343
-0.376137 , -10.3935 , 29.7877
-0.123103 , -9.78506 , 28.14
-1.78479 , -11.3384 , 29.7658
-3.27672 , -12.0015 , 28.5008
-0.414639 , -10.1772 , 28.613
-0.866745 , -10.2034 , 28.2209
-0.4589 , -10.1988 , 28.2008
0.230886 , -9.56731 , 27.5948
-0.870565 , -10.3486 , 28.5375
-0.858617 , -10.3369 , 28.1388
-0.434092 , -10.7879 , 30.0931
-1.47233 , -10.5161 , 28.1976
-0.149518 , -9.9489 , 28.4561
0.17523 , -9.76799 , 28.0249
-1.39328 , -10.9663 , 28.8275
-0.404454 , -10.7066 , 29.6142
-0.986954 , -11.6917 , 31.6653
-0.612426 , -10.7107 , 29.5077
-0.438107 , -10.7648 , 30.0412
-0.518752 , -10.4396 , 29.5248
-1.2275 , -10.9771 , 29.5001
0.272909 , -9.99145 , 28.9595
-3.27621 , -14.006 , 33.1801
-0.980408 , -11.6446 , 31.5619
0.314172 , -9.96815 , 28.6334
-1.9368 , -11.8396 , 31.3297
0.484282 , -10.2675 , 29.7238
0.0600592 , -10.1297 , 29.3405
-0.815693 , -10.6647 , 29.2882
0.332508 , -10.3871 , 29.8322
-2.09192 , -12.9896 , 33.2131
-1.05687 , -12.4427 , 33.8113
-3.96765 , -12.5775 , 29.1986
-1.66551 , -12.2062 , 32.0936
-1.59231 , -11.1073 , 29.0917
0.301102 , -10.0399 , 28.9805
-1.3427 , -11.7818 , 31.6587
-2.00165 , -11.4541 , 30.2748
-1.35286 , -11.4909 , 30.8291
0.0147744 , -10.3664 , 29.8507
-4.71066 , -13.6488 , 34.2448
-0.646775 , -11.7011 , 32.1452
-0.928089 , -11.0167 , 30.1635
-0.450404 , -10.7208 , 30.2498
-0.642376 , -11.6655 , 32.7275
0.14304 , -11.1537 , 32.0248
-0.98373 , -12.2006 , 33.3719
-0.00334626 , -11.7609 , 33.2236
-2.13079 , -12.2135 , 31.7829
-1.98154 , -12.5075 , 32.8625
-0.203146 , -10.8501 , 30.7689
-1.4438 , -11.528 , 30.9026
-1.23499 , -12.0846 , 32.7979
0.100822 , -10.6758 , 30.5617
0.254892 , -10.9284 , 31.3783
-1.48746 , -12.008 , 32.0295
-0.645908 , -11.6901 , 32.7944
0.0411595 , -11.0959 , 31.7817
-2.00078 , -12.3388 , 32.5282
-0.381596 , -11.8865 , 33.5805
-1.49089 , -13.2139 , 34.8624
-0.451541 , -11.6622 , 32.4266
-1.26086 , -11.5047 , 31.065
-1.26093 , -11.8183 , 31.9464
-0.380458 , -11.8205 , 33.0755
-0.148585 , -10.9343 , 31.0829
-1.49803 , -11.8275 , 31.5597
-0.591333 , -12.404 , 34.1432
-0.554745 , -11.9371 , 33.2142
-0.971692 , -12.2673 , 33.4707
0.124446 , -11.5928 , 33.2088
-1.95093 , -12.5219 , 33.0189
-1.23721 , -12.7748 , 34.3871
-0.236047 , -11.3171 , 32.1662
-0.998887 , -12.3866 , 33.7111
-1.13769 , -12.0284 , 32.4535
-0.028939 , -12.7025 , 35.6197
-0.634168 , -12.4231 , 34.8279
-1.56088 , -13.2304 , 34.97
0.338809 , -13.4219 , 37.9114
-1.30657 , -12.3119 , 32.3334
-0.234797 , -11.1929 , 31.9178
0.134243 , -11.0555 , 31.9191
0.0790977 , -11.9825 , 33.7582
-0.25954 , -11.3844 , 32.575
0.208298 , -11.1603 , 31.6658
-0.966707 , -12.2798 , 33.3254
-0.831119 , -11.5919 , 32.0368
0.208086 , -11.0582 , 31.6894
-2.68281 , -12.9414 , 33.5878
-0.291224 , -11.5964 , 32.4983
-1.17306 , -12.2968 , 33.3334
-0.286893 , -13.1126 , 36.1861
0.083601 , -11.5712 , 32.9523
-0.609789 , -12.4226 , 34.6408
-0.379778 , -12.6413 , 34.9507
-1.84944 , -12.6278 , 33.4461
-0.972425 , -11.6389 , 31.8896
-2.10573 , -12.4082 , 32.7793
-0.267411 , -11.8758 , 33.5571
-0.852249 , -12.2257 , 33.636
-0.073501 , -12.5143 , 35.1237
-1.10032 , -12.6699 , 34.1885
-1.57093 , -13.1993 , 34.4933
-0.0848215 , -12.5737 , 35.2168
-1.4762 , -12.2383 , 33.0278
0.00321629 , -11.7996 , 33.5632
-0.326596 , -11.5885 , 32.9981
-1.17635 , -12.364 , 33.4434
-0.8914 , -12.6668 , 34.0891
-0.410781 , -12.7759 , 35.5584
0.323602 , -11.2811 , 31.5801
-0.254934 , -11.8502 , 33.5299
-0.183563 , -12.4051 , 35.0687
-1.24791 , -12.7533 , 34.1413
-1.67611 , -12.9349 , 34.279
-0.0536786 , -11.5762 , 33.1963
-1.15086 , -12.2975 , 33.2851
-1.18781 , -12.6698 , 34.1477
0.135389 , -12.1531 , 35.1308
0.0934996 , -12.0153 , 34.1571
-0.350893 , -11.7232 , 32.9946
-0.746583 , -12.404 , 34.3469
-0.68301 , -12.6217 , 34.2394
-1.2114 , -12.9782 , 35.0189
-1.47474 , -12.6259 , 33.7022
0.0180484 , -11.7561 , 33.4087
0.206219 , -12.905 , 36.4699
-0.748046 , -13.139 , 36.3493
-1.63164 , -13.3494 , 35.2587
-0.88715 , -12.1463 , 33.3257
-0.771542 , -13.2725 , 36.0457
-0.441983 , -12.0288 , 33.9801
-0.434148 , -12.6363 , 34.5988
0.236257 , -12.1561 , 34.4896
0.0556223 , -12.3291 , 35.1496
-0.621174 , -12.2537 , 33.4264
-0.179969 , -12.3887 , 35.1133
0.190928 , -12.1745 , 34.2791
-0.0737975 , -12.5876 , 35.4123
-1.1832 , -13.012 , 34.9944
0.273142 , -12.3579 , 35.2278
-0.696447 , -12.3151 , 34.0687
-0.902596 , -13.0579 , 35.4567
-0.821791 , -13.1525 , 36.1704
-0.154922 , -13.8178 , 38.6213
-0.796955 , -14.037 , 38.4515
-1.28744 , -14.3869 , 38.4284
-1.34766 , -14.4241 , 38.6357
-1.22777 , -12.679 , 34.285
-0.376233 , -12.6655 , 35.2251
0.204299 , -11.7474 , 33.3869
-0.146183 , -12.2448 , 34.6416
-0.849986 , -12.6043 , 34.5639
0.219824 , -11.8825 , 33.6155
0.0373928 , -12.2682 , 34.6788
-0.944649 , -13.1844 , 35.5377
-1.68044 , -13.5742 , 35.6536
0.128739 , -12.6736 , 35.7199
-0.785776 , -13.2914 , 36.2151
0.202342 , -12.1822 , 34.3744
-0.0499139 , -13.5351 , 38.1594
-1.0935 , -14.4482 , 38.9777
-0.144779 , -13.8221 , 38.7507
-1.76228 , -15.6365 , 40.8218
-1.0443 , -14.1757 , 38.4786
-1.48754 , -14.828 , 39.2704
-0.540938 , -14.2806 , 39.4222
-1.30435 , -15.1674 , 40.3065
-1.27157 , -14.3545 , 38.3188
-0.0573626 , -13.8407 , 38.6204
-0.986533 , -14.9916 , 40.5376
-1.10395 , -13.5512 , 36.4296
-0.0750451 , -12.7697 , 35.9353
0.00179543 , -13.4768 , 37.6324
-0.983557 , -13.9531 , 37.7768
-0.547166 , -13.0263 , 36.1972
-1.41194 , -14.0621 , 37.3825
-0.0877111 , -12.7782 , 35.9916
-1.18521 , -13.4958 , 36.4967
-0.218013 , -13.413 , 37.5639
0.104995 , -12.7683 , 35.7607
-0.86591 , -13.959 , 37.8047
-0.176349 , -13.2312 , 36.6492
-0.0648133 , -12.7828 , 36.1682
0.315096 , -12.7013 , 35.9907
0.0365565 , -13.2884 , 37.2039
-0.121951 , -13.568 , 37.6545
1.16244 , -13.1574 , 38.74
-1.20854 , -14.8715 , 39.5646
-0.634697 , -13.7676 , 38.0082
-1.37442 , -15.6742 , 41.4995
-0.836363 , -13.8677 , 38.0686
-0.639819 , -13.7774 , 38.0766
0.279242 , -13.4893 , 38.0358
0.396012 , -13.0154 , 36.8053
-0.997973 , -13.5917 , 36.8394
-0.0996 , -13.5659 , 37.844
0.22029 , -13.4902 , 37.7277
0.0676551 , -13.332 , 37.2629
-2.63039 , -14.9191 , 38.5784
-0.180373 , -13.0895 , 36.6047
0.0967514 , -13.0817 , 36.7908
-1.1288 , -14.1493 , 38.086
0.0346361 , -13.5325 , 37.778
1.92736 , -13.2021 , 40.6558
-1.41559 , -14.5768 , 38.7306
-1.21476 , -14.7901 , 39.2956
-1.2615 , -15.2023 , 39.9126
0.652997 , -13.0902 , 38.1501
-0.645618 , -13.8992 , 38.327
-1.44473 , -14.4492 , 38.4211
-2.51774 , -15.1885 , 39.3312
-0.0141117 , -13.8503 , 38.6507
-1.33506 , -14.7699 , 39.3148
-1.44156 , -14.7854 , 39.1443
-0.324206 , -13.6225 , 38.0405
-0.621702 , -13.8015 , 38.1697
-0.948427 , -13.9701 , 38.102
-1.44666 , -14.4189 , 38.415
-0.290911 , -14.7102 , 38.5627
-1.0015 , -13.9889 , 38.0992
-0.729245 , -14.0452 , 38.5853
-0.718354 , -14.0232 , 38.4436
0.343227 , -13.4178 , 37.9046
-0.222766 , -13.4205 , 37.5271
-1.01064 , -13.6124 , 36.9086
-0.0467944 , -13.0026 , 36.5962
-2.34044 , -15.1246 , 39.0675
-1.03017 , -14.5064 , 39.1005
-0.548667 , -13.3928 , 37.1095
0.0745292 , -13.557 , 37.943
0.0247058 , -13.1003 , 36.6956
-1.1488 , -14.1649 , 38.1694
0.15956 , -13.558 , 37.9464
-1.90178 , -15.2481 , 39.6284
0.00542507 , -13.5518 , 37.7902
0.036285 , -13.5529 , 37.9661
0.01256 , -13.5561 , 37.8247
0.0576173 , -13.6595 , 38.3466
-1.26232 , -14.8281 , 39.4127
-3.27397 , -15.4369 , 39.5886
-0.911627 , -13.9851 , 38.0772
-2.83036 , -17.5523 , 43.5193
1.2121 , -13.1428 , 38.8471
-1.54014 , -14.6094 , 38.7441
-0.636544 , -15.2044 , 40.9613
-1.71819 , -15.5763 , 40.6128
-0.322948 , -14.6704 , 40.5244
0.064852 , -13.2901 , 37.3567
0.0485625 , -16.4543 , 45.0605
-1.44817 , -16.4135 , 43.1281
-0.0357125 , -16.4005 , 44.9003
-0.481323 , -15.8316 , 42.9053
-0.905157 , -15.937 , 43.0268
0.0755034 , -13.3281 , 37.3034
-0.945051 , -13.9748 , 38.0842
0.234112 , -13.5508 , 38.1667
0.505734 , -13.2931 , 37.9521
-1.46976 , -14.81 , 39.2021
0.277238 , -13.7023 , 38.5563
-0.335463 , -13.6314 , 37.8575
-1.49431 , -14.5844 , 38.6143
1.15396 , -13.315 , 38.5763
-0.439866 , -13.7086 , 38.1034
-1.15337 , -14.1802 , 38.2011
-0.364272 , -13.544 , 37.8401
-0.489694 , -14.0258 , 38.7873
-1.78437 , -14.8053 , 38.9931
-0.303864 , -14.2139 , 39.5274
-1.77263 , -15.6527 , 40.8386
-0.751774 , -14.9033 , 40.7468
-1.04926 , -14.5522 , 39.2153
-1.62609 , -15.0743 , 39.6394
-1.45349 , -14.7675 , 39.2592
-1.89933 , -15.1195 , 39.4058
-0.553116 , -14.292 , 39.562
-2.19634 , -14.8656 , 37.9468
-1.03913 , -14.144 , 38.3308
-0.178942 , -13.8783 , 38.8234
-1.88702 , -14.5237 , 37.0219
-0.635207 , -13.7563 , 38.0467
-1.13424 , -14.1416 , 38.0942
-0.0725842 , -13.5569 , 38.0554
-0.157926 , -13.831 , 38.7029
-1.03199 , -14.5074 , 39.0957
-1.33508 , -14.8476 , 39.3186
-1.48444 , -14.2553 , 37.9286
-2.20287 , -14.6849 , 37.5979
-1.22562 , -14.2969 , 38.4432
-1.45258 , -15.6314 , 41.3565
-1.79431 , -15.8834 , 41.4538
-0.510619 , -15.0593 , 41.2597
-0.649328 , -15.2749 , 41.6405
-1.46351 , -14.7877 , 39.1777
-1.03852 , -14.8051 , 40.1348
-1.34297 , -14.3023 , 38.27
0.0108094 , -13.5575 , 37.7926
-0.72064 , -13.9742 , 38.4329
-0.182898 , -13.8584 , 38.7208
-0.541357 , -14.2786 , 39.3787
-1.03595 , -14.1733 , 38.451
-0.875917 , -14.092 , 38.5498
-0.729845 , -14.0284 , 38.624
-0.930429 , -14.8824 , 40.0526
-0.926171 , -13.9999 , 38.1755
0.194636 , -13.4868 , 37.5845
1.47815 , -13.4528 , 39.758
-0.985024 , -14.7008 , 39.668
-0.325536 , -13.6208 , 37.986
-0.727181 , -13.9895 , 38.4877
0.0605368 , -13.5624 , 37.8685
0.0706071 , -13.5653 , 37.9281
0.163292 , -13.5685 , 37.9931
-0.0812774 , -13.5538 , 37.946
-0.663824 , -15.1534 , 41.0189
0.265448 , -13.6621 , 39.943
-1.16648 , -14.1545 , 38.2358
-0.158229 , -13.8184 , 38.6146
-0.655846 , -13.8115 , 38.1903
-0.0228647 , -13.6637 , 37.8922
-0.354954 , -13.6302 , 37.5002
-1.33818 , -14.3119 , 38.2605
-1.26055 , -15.4717 , 41.4738
-2.19329 , -16.1748 , 41.622
-1.01569 , -15.6135 , 41.8977
-2.71177 , -17.994 , 43.8687
-1.44207 , -14.766 , 39.1054
-0.990966 , -14.7069 , 39.6762
-1.70495 , -15.5619 , 40.5826
0.00640845 , -13.6821 , 38.2707
0.0790782 , -13.7604 , 38.4246
-0.714838 , -14.6633 , 39.8281
-0.856475 , -14.7116 , 39.5546
-0.478531 , -13.9404 , 38.655
-1.70575 , -15.1542 , 39.7676
-0.521529 , -14.0544 , 39.0085
-0.806677 , -14.6775 , 39.8102
-0.252661 , -14.3331 , 39.5434
-0.892686 , -15.1115 , 40.4721
-1.50252 , -14.8431 , 39.3337
-1.37839 , -14.9375 , 39.984
-0.920028 , -14.8818 , 40.0862
-1.27758 , -15.1245 , 40.1872
-1.95828 , -15.1589 , 39.538
-1.42385 , -15.1254 , 40.103
-2.03024 , -17.3782 , 43.2334
-0.847015 , -15.3521 , 41.5744
-2.18586 , -17.6603 , 43.8036
-2.0276 , -16.4957 , 42.7094
-0.663474 , -16.5684 , 44.4338
-0.898056 , -14.9111 , 40.5934
-0.999333 , -15.0282 , 40.7315
-1.34031 , -15.2856 , 40.5926
-1.63772 , -16.3779 , 42.7841
-0.325325 , -15.3417 , 42.1538
-1.35936 , -15.1368 , 40.4618
-1.98588 , -15.5099 , 40.4853
-1.75586 , -15.5155 , 40.6175
-0.282273 , -14.5804 , 40.4551
-0.942353 , -15.5463 , 41.4889
-2.21764 , -16.0322 , 41.2724
-0.0768743 , -15.3543 , 41.6069
-0.512188 , -14.9095 , 41.1712
-0.124724 , -14.8032 , 40.973
-0.781739 , -15.6522 , 41.9765
-1.37602 , -15.3524 , 40.7367
-0.967618 , -14.9281 , 40.3489
-1.68233 , -15.5492 , 40.577
-0.813078 , -14.6757 , 40.0321
-1.745 , -15.5047 , 40.6002
-2.47097 , -17.3016 , 43.6215
-0.225157 , -15.3576 , 42.2119
-0.207557 , -15.4363 , 42.3455
-0.95647 , -16.0457 , 43.1059
-1.69096 , -16.7555 , 43.3848
-0.949084 , -16.0294 , 43.0546
-0.696622 , -15.7016 , 42.8399
-2.21746 , -16.0224 , 40.9009
-1.77623 , -15.652 , 40.8474
-0.235024 , -14.3347 , 39.6695
-0.509413 , -14.4833 , 39.9737
-0.994631 , -14.8552 , 40.3858
-2.68019 , -18.1698 , 44.5726
-2.52308 , -17.9827 , 44.1438
-1.23118 , -16.3055 , 43.1041
-1.77319 , -16.1235 , 42.1348
-2.73583 , -18.1203 , 44.1415
-1.09429 , -15.9142 , 42.6144
-0.328127 , -16.096 , 43.7207
-1.47545 , -15.6489 , 41.4228
-1.04986 , -15.8553 , 42.1518
-0.390505 , -15.0421 , 41.2537
-0.938316 , -16.0353 , 43.0469
0.635588 , -16.1117 , 44.6481
-1.04478 , -15.8808 , 42.6169
-1.02928 , -16.4015 , 43.8205
-1.04053 , -16.4271 , 43.9186
-0.355998 , -15.664 , 40.8898
-0.193006 , -15.7558 , 43.3388
-1.56576 , -15.453 , 40.842
-2.15361 , -15.9718 , 41.1061
-0.867582 , -16.5235 , 43.985
-1.5451 , -15.3941 , 40.5899
-1.45223 , -15.6411 , 41.3475
-0.587926 , -15.2989 , 41.3568
-0.494395 , -14.7055 , 40.6614
-1.60148 , -16.3425 , 42.6415
-0.32823 , -15.3426 , 42.1058
-1.51312 , -16.2267 , 42.5883
-0.100774 , -15.2447 , 41.7974
-1.65178 , -16.4017 , 42.8371
-0.380647 , -15.5263 , 42.6925
-0.430188 , -15.6369 , 42.9946
-0.229082 , -15.9119 , 45.3344
-0.0411544 , -15.4857 , 42.687
-0.904373 , -15.7409 , 42.6192
-1.4845 , -16.4668 , 43.2881
0.0205275 , -15.69 , 43.2406
0.0495675 , -15.6239 , 41.7137
-0.0533672 , -15.4525 , 41.7261
-0.904478 , -15.972 , 42.9952
-0.52113 , -16.1464 , 43.7734
-0.20978 , -15.3893 , 42.495
-0.708348 , -15.7708 , 42.8737
-1.40481 , -16.3829 , 42.989
-3.34706 , -17.3842 , 43.8246
-0.712994 , -15.4258 , 42.1781
-1.43286 , -16.4231 , 43.1211
-0.646904 , -16.0532 , 43.5029
-0.136818 , -14.3614 , 39.5757
-0.406802 , -14.7116 , 40.6297
-2.16943 , -16.3579 , 41.8988
-1.97532 , -15.823 , 40.6834
-1.15303 , -15.7173 , 41.5956
-1.20374 , -15.803 , 42.1426
-0.311863 , -14.7532 , 40.4477
-0.137859 , -14.7167 , 40.7062
-0.260342 , -15.2676 , 41.7267
-0.332311 , -15.3361 , 42.0669
-0.912359 , -15.7478 , 42.6814
-1.1022 , -15.8817 , 42.6222
-1.44036 , -16.2374 , 42.5089
-1.90128 , -16.629 , 43.0154
-1.10101 , -15.8893 , 42.6226
-0.144098 , -15.6193 , 42.8088
-0.64381 , -15.9463 , 42.793
-0.678517 , -15.5018 , 42.1745
-0.647396 , -15.2849 , 41.8483
-2.71961 , -16.9279 , 42.4767
-0.769686 , -15.1289 , 41.3293
-2.20468 , -16.3084 , 41.8327
-1.52033 , -15.9787 , 41.8584
-0.937466 , -15.317 , 41.6397
-1.10312 , -15.8662 , 42.5058
-0.538995 , -15.2545 , 41.9505
-0.627802 , -15.2352 , 41.3038
-1.49681 , -16.2638 , 42.5222
-0.677347 , -14.9427 , 40.9908
-1.02599 , -15.6112 , 41.822
-2.08605 , -16.095 , 41.3941
-0.363111 , -15.3588 , 41.89
-1.86802 , -17.0898 , 43.9149
-0.381527 , -15.0445 , 41.4552
-0.176529 , -15.4191 , 42.6511
-0.958329 , -16.038 , 43.1489
-0.353353 , -15.7066 , 42.8798
-0.860264 , -17.1081 , 45.5602
-1.24188 , -16.3154 , 43.151
0.503804 , -16.1129 , 44.5368
-2.15154 , -16.7591 , 43.0117
-0.230434 , -15.4345 , 42.2463
-2.10392 , -16.109 , 41.4319
-0.500224 , -15.0425 , 41.4039
-1.95648 , -16.4056 , 42.4514
-1.33282 , -16.4931 , 43.6493
-0.437695 , -15.308 , 39.4858
-2.70003 , -16.8908 , 42.6826
-1.1036 , -15.9414 , 42.6361
-1.45321 , -16.4529 , 43.2257
0.641501 , -16.3865 , 45.2672
-0.236827 , -15.2686 , 41.9293
-0.493906 , -15.4723 , 42.3476
-1.40497 , -16.3894 , 43.0147
-1.05137 , -15.609 , 42.0962
-3.18803 , -17.2651 , 43.5398
-0.253861 , -15.7591 , 43.1774
-1.30063 , -15.9159 , 42.0398
-0.392556 , -15.5894 , 42.4466
-0.84165 , -15.6964 , 42.5626
0.587562 , -16.1746 , 45.0061
0.181039 , -15.8961 , 43.9619
-0.34307 , -15.3604 , 42.0433
-1.0307 , -15.8357 , 42.293
-1.73268 , -16.1441 , 42.0328
-0.217891 , -15.2241 , 42.1488
-0.102652 , -16.7133 , 45.5103
-1.55944 , -18.7562 , 48.4115
-1.10063 , -18.5032 , 48.198
-1.04515 , -15.582 , 42.0508
-1.57258 , -15.9915 , 42.0887
-1.06428 , -15.8686 , 42.4102
-0.742847 , -16.2279 , 43.956
-0.641729 , -15.721 , 42.447
-0.928886 , -15.6287 , 42.3735
-0.478147 , -15.4461 , 42.2163
-1.34675 , -16.8343 , 43.941
-0.524771 , -16.1058 , 43.4949
-0.876999 , -16.573 , 44.423
-1.91455 , -16.8459 , 43.24
-1.88358 , -16.8822 , 43.2981
-0.0843592 , -15.4868 , 41.6055
-1.84549 , -17.6555 , 45.104
-0.970842 , -16.2813 , 43.3632
-2.087 , -17.0789 , 43.6523
-0.303748 , -16.654 , 45.0011
-0.340084 , -15.7014 , 43.0506
-1.86936 , -17.3931 , 44.5101
-1.07619 , -16.2446 , 43.4715
-0.646834 , -16.3068 , 43.7172
-0.318156 , -17.0415 , 45.9703
-0.482576 , -17.4185 , 46.5053
-1.26688 , -18.0543 , 47.1126
-0.104449 , -16.1717 , 44.4338
-0.25329 , -18.1569 , 48.8097
-0.264295 , -18.1764 , 48.7492
-0.285888 , -18.2294 , 48.8561
-0.493943 , -18.5687 , 49.6897
-0.260712 , -18.1798 , 49.0492
-1.03982 , -19.7826 , 51.5097
-1.60335 , -19.0856 , 48.8749
-2.2026 , -19.8031 , 49.4328
-1.44841 , -19.1529 , 49.2965
-0.496049 , -18.5832 , 49.7968
-1.00096 , -18.7793 , 49.4083
-2.49162 , -20.7301 , 50.7063
-0.753396 , -17.628 , 46.8612
-0.644362 , -16.9211 , 45.4431
-1.15201 , -17.8191 , 46.1631
-0.649671 , -17.5326 , 46.9197
-0.25583 , -16.5116 , 44.7754
-0.615835 , -19.7327 , 52.1193
-1.48918 , -18.6247 , 47.8627
-0.135382 , -16.4511 , 44.3521
-1.29793 , -17.8856 , 46.8011
-0.739638 , -19.2319 , 51.197
-1.16176 , -17.9421 , 47.0076
-0.932445 , -17.8869 , 47.4211
-0.630233 , -18.1631 , 48.1691
-0.333804 , -17.033 , 45.7913
-1.1993 , -18.0569 , 47.1892
-1.2745 , -17.2463 , 45.3135
-0.76927 , -19.5884 , 51.9729
-0.647429 , -18.9136 , 50.063
-1.26899 , -18.0487 , 47.1153
-0.753411 , -19.169 , 50.833
-0.31877 , -17.4099 , 46.8099
-2.16903 , -18.9566 , 47.2691
-1.11094 , -19.7488 , 50.8488
-0.362883 , -16.9772 , 45.6664
-1.62695 , -19.9444 , 50.6423
-1.8741 , -19.9708 , 50.1806
-0.649642 , -17.5384 , 46.9644
-0.761175 , -17.5965 , 46.4496
-0.963574 , -19.2943 , 50.2092
-1.50154 , -18.9918 , 48.7332
-0.552913 , -18.1767 , 48.8359
-1.22396 , -18.707 , 48.8462
-1.26157 , -19.2038 , 49.7244
-1.43923 , -19.7195 , 50.3226
-0.447054 , -17.592 , 47.1022
-0.529992 , -18.3199 , 49.2592
-2.30929 , -19.08 , 47.5804
-0.643905 , -17.5355 , 46.9515
-0.561485 , -18.2007 , 48.7402
-0.402762 , -18.1719 , 48.7218
-0.492238 , -18.5295 , 49.1639
-0.756599 , -19.7288 , 51.1979
-1.43127 , -18.0874 , 46.9225
-0.756979 , -17.6378 , 47.0664
-1.87628 , -18.4404 , 46.9001
-0.295883 , -18.6405 , 49.8491
-0.416187 , -18.9731 , 50.5465
-0.273475 , -17.1147 , 45.908
-1.56092 , -18.2433 , 46.9403
-0.971423 , -20.1379 , 52.4095
-1.68051 , -21.096 , 52.6806
-1.63044 , -21.3002 , 53.1903
-1.06358 , -20.9083 , 53.4517
-1.3594 , -19.5868 , 49.9919
-1.46003 , -19.7825 , 50.4759
-0.520905 , -18.2781 , 48.9382
-1.2709 , -19.2371 , 49.8029
-1.44026 , -19.6589 , 50.3959
-1.42147 , -19.1321 , 49.2153
-1.48967 , -18.9427 , 48.6425
-0.418631 , -18.375 , 49.2019
-1.19716 , -19.0943 , 49.399
-0.500435 , -18.2505 , 48.9983
-1.43407 , -19.2034 , 49.358
-1.39256 , -19.6334 , 50.1014
-1.9258 , -21.1185 , 52.5476
-2.13343 , -21.5638 , 53.146
-0.403984 , -18.1811 , 48.9381
-0.705721 , -18.3428 , 48.9355
-1.88655 , -19.5886 , 49.3318
-1.88745 , -19.5889 , 49.3168
-1.73904 , -20.1888 , 50.7263
-0.755837 , -18.528 , 49.198
-1.49168 , -19.797 , 50.4769
-1.53656 , -19.0113 , 48.7993
-2.21037 , -19.6809 , 48.5522
-0.496509 , -18.246 , 48.9203
-1.28036 , -19.2587 , 49.8557
-1.0363 , -19.2011 , 49.7628
-1.79218 , -21.4253 , 53.12
-0.826102 , -18.7265 , 49.6213
-1.33459 , -20.0612 , 51.1961
-1.36573 , -21.2292 , 53.5212
-0.509344 , -18.2359 , 48.5897
-0.569428 , -18.2163 , 48.9359
-0.3224 , -19.7485 , 52.3627
-1.53619 , -19.7318 , 50.583
-1.3208 , -19.77 , 50.971
-2.35069 , -21.0554 , 51.0544
-2.52584 , -19.7673 , 48.9795
-6.81258 , -28.8566 , 61.1708
-0.313017 , -19.7403 , 51.78
-0.381378 , -18.3589 , 49.3675
-0.457476 , -19.1287 , 50.8601
-0.652475 , -18.553 , 49.0857
-1.43726 , -19.1855 , 49.3383
-1.45034 , -19.121 , 49.1226
-0.884949 , -18.6691 , 49.4364
-2.23395 , -20.3825 , 50.299
-1.87271 , -19.2938 , 48.5925
-1.51666 , -18.994 , 48.7524
-1.83903 , -19.4204 , 49.116
-0.487368 , -19.1194 , 50.6069
-1.0317 , -21.0599 , 53.0465
-0.470133 , -18.3584 , 48.7472
-1.25314 , -19.1731 , 49.6654
-0.532497 , -19.3421 , 51.3441
-1.38907 , -19.9583 , 51.2401
-0.570549 , -19.5129 , 51.2407
-0.219813 , -18.0057 , 47.9841
-0.838783 , -18.7406 , 49.6665
-1.43078 , -19.1248 , 49.2224
-1.24376 , -19.1542 , 49.6235
-0.165799 , -19.1791 , 51.1118
-0.873707 , -18.6206 , 49.3351
-0.284539 , -18.2299 , 48.9212
-1.18669 , -19.1003 , 49.3964
-1.56767 , -20.664 , 51.8968
-0.626436 , -19.96 , 52.5062
-1.9129 , -20.6729 , 51.5507
-0.190894 , -18.6045 , 49.8828
-1.06858 , -21.2155 , 54.3831
-0.28346 , -19.397 , 51.6213
-1.9808 , -21.7548 , 53.803
-1.44864 , -20.2034 , 51.7464
-13.887 , -38.5038 , 72.843
-0.471471 , -20.8623 , 54.0702
-1.02534 , -21.1141 , 53.9947
-0.815233 , -19.9281 , 51.4347
-0.199807 , -18.9829 , 50.8781
-1.21097 , -20.4006 , 52.2083
-0.187259 , -20.0637 , 52.8546
-2.18209 , -20.7105 , 51.0033
-1.06981 , -20.169 , 51.3424
-0.474966 , -20.1168 , 52.8764
-1.95646 , -21.5759 , 53.502
-0.626776 , -19.9498 , 52.6823
-1.94605 , -21.8185 , 53.4828
-1.60157 , -21.1367 , 53.3016
-2.32289 , -23.3339 , 56.6681
-1.62507 , -21.3162 , 53.4026
-0.788415 , -20.878 , 54.2231
-0.56693 , -20.2975 , 53.3066
-2.24135 , -23.2896 , 56.5801
-1.20762 , -19.8705 , 51.4183
-2.41065 , -21.3964 , 52.2042
-0.640356 , -20.0376 , 52.7385
-0.862438 , -19.5763 , 51.4807
-1.88636 , -20.9189 , 52.5944
-1.75451 , -20.4807 , 51.3346
-0.350061 , -19.4375 , 51.5822
-0.32025 , -19.3463 , 51.2353
-2.35102 , -21.5548 , 52.6854
-1.3878 , -21.59 , 54.4372
-0.317618 , -20.0318 , 53.0469
-1.08885 , -23.7391 , 59.5912
-2.13708 , -21.3827 , 52.7129
-1.41265 , -21.7805 , 54.4883
-2.49811 , -21.6609 , 52.8985
-1.6769 , -21.4494 , 53.4703
-1.08154 , -20.3745 , 52.6254
-0.430516 , -20.3177 , 53.4
-1.84085 , -21.4495 , 53.212
-1.04615 , -21.1201 , 54.2815
-0.238689 , -20.1658 , 52.6884
-1.00818 , -22.1825 , 57.224
-1.68732 , -20.9314 , 52.5206
-1.71754 , -21.4367 , 53.5184
-1.65652 , -21.5707 , 53.9786
-1.23511 , -22.2566 , 56.6746
-2.60408 , -23.5665 , 57.1138
-1.22032 , -22.3587 , 56.8624
-0.320283 , -22.2156 , 56.8365
-0.868694 , -20.0822 , 52.6165
-0.98931 , -21.0039 , 53.6772
-1.06574 , -20.2486 , 52.6207
-1.77681 , -21.1597 , 52.905
-1.51807 , -22.5253 , 56.4067
-2.55269 , -23.0095 , 55.4449
-0.640132 , -21.2815 , 55.0906
-1.50171 , -21.6912 , 54.1799
-1.18379 , -21.2841 , 54.333
-2.09316 , -22.3682 , 54.947
-1.0489 , -21.1305 , 54.287
-1.0724 , -21.907 , 56.3035
-1.05874 , -22.1484 , 56.786
-2.06034 , -23.4529 , 57.1275
-1.99298 , -24.8551 , 58.6996
-1.46677 , -21.9011 , 54.8711
-2.38981 , -22.6622 , 54.815
-1.48923 , -21.4444 , 53.8309
-2.70181 , -24.2075 , 57.0513
-1.80828 , -21.6079 , 53.6772
-0.789875 , -20.71 , 53.6887
-1.20084 , -20.8895 , 53.766
-1.49318 , -21.4523 , 53.8444
-1.27136 , -23.3443 , 59.4272
-1.0593 , -23.0618 , 58.7919
-1.62516 , -23.3864 , 58.0233
-1.8251 , -24.2603 , 59.3924
-1.17731 , -24.0441 , 60.1519
-2.10111 , -23.6646 , 57.5509
-1.05375 , -22.3826 , 56.7744
-1.87173 , -22.7258 , 56.3395
-1.5825 , -22.5662 , 56.6858
-1.38832 , -22.515 , 56.998
-1.54353 , -22.5286 , 56.5719
-0.761827 , -21.8789 , 56.8192
-0.766916 , -21.8738 , 56.8344
-1.69278 , -23.4618 , 58.2393
-1.07989 , -21.9161 , 56.3287
-2.43018 , -23.1636 , 55.5161
-0.915008 , -21.7175 , 56.0427
-0.483473 , -22.5789 , 58.5204
-1.63961 , -22.7863 , 57.0548
-1.2324 , -22.9701 , 58.2718
-2.03466 , -23.5991 , 57.6122
-0.916923 , -22.7415 , 58.4425
-1.33581 , -23.3218 , 58.7959
-1.09502 , -23.1097 , 59.0746
-0.306399 , -22.2129 , 56.6932
-1.0554 , -23.0517 , 58.7548
-3.06494 , -25.9097 , 59.9317
-0.731072 , -22.4226 , 57.9547
-1.08614 , -23.3093 , 58.8574
-1.93147 , -24.0165 , 58.6847
-0.605022 , -21.3571 , 55.5759
-1.84064 , -22.7721 , 56.2027
-2.06134 , -22.7303 , 55.8993
-1.81609 , -22.545 , 55.992
-0.474877 , -21.3363 , 56.3082
-0.939615 , -22.2446 , 57.3578
-1.6812 , -23.4749 , 58.3813
0.0333816 , -22.1096 , 59.9001
-0.618885 , -22.4178 , 58.1311
-1.43358 , -22.3546 , 56.5935
-1.537 , -22.5328 , 56.5176
-0.514263 , -22.5131 , 58.3119
-1.00535 , -22.8128 , 56.7188
-0.957038 , -22.5935 , 57.6896
-0.874129 , -22.6883 , 58.5391
-0.64397 , -21.6652 , 56.3873
-1.05424 , -22.114 , 56.8657
-2.59869 , -23.5576 , 57.1043
-2.45405 , -23.4252 , 56.8685
-0.76123 , -21.8745 , 56.7699
-1.63421 , -22.7594 , 57.1131
-0.714754 , -21.9528 , 56.9743
-1.48609 , -23.779 , 59.3228
-3.54436 , -24.7059 , 58.3521
-3.16042 , -24.3413 , 57.8035
-0.674988 , -21.8439 , 56.908
-0.782282 , -22.1355 , 57.2892
-2.72066 , -24.1771 , 57.6765
-1.52592 , -24.1514 , 59.4945
-2.92433 , -25.7419 , 59.4458
-0.849519 , -22.0516 , 56.9001
-1.65157 , -24.216 , 59.9351
-1.36434 , -23.3935 , 58.9395
-1.09859 , -23.6216 , 59.8477
-2.01702 , -25.5867 , 61.2688
-1.06867 , -23.5814 , 59.6316
-1.86436 , -24.5643 , 59.7535
-2.10105 , -25.682 , 61.5676
-1.81003 , -25.2771 , 61.1276
-1.89055 , -24.5982 , 59.8248
-1.58783 , -24.0134 , 59.6135
-0.693414 , -23.1501 , 59.317
-1.83284 , -25.2757 , 61.1773
-1.39507 , -25.1425 , 61.8706
-1.68633 , -24.7343 , 60.5583
-2.25405 , -25.7804 , 61.1199
-1.54246 , -24.7905 , 61.1804
-1.03533 , -24.3426 , 61.1663
-0.671933 , -24.939 , 62.8183
-0.388347 , -24.3073 , 61.2313
-1.48131 , -24.8026 , 61.3369
-1.7135 , -25.7503 , 62.4461
-1.12538 , -24.4919 , 61.3086
-0.862723 , -24.2774 , 61.3835
-1.47881 , -25.0628 , 61.4531
-0.883523 , -24.5417 , 61.9494
-1.53058 , -25.9241 , 63.273
-1.71147 , -26.8995 , 64.4993
-0.817993 , -24.0753 , 60.9105
-1.56792 , -24.7465 , 61.1785
-1.51861 , -25.1247 , 61.6479
-1.42348 , -25.1828 , 62.0273
-2.48789 , -26.0251 , 61.4928
-2.11507 , -25.5527 , 61.3519
-0.524061 , -24.7157 , 63.142
-1.27608 , -25.3803 , 62.5893
-0.899498 , -26.4261 , 65.1326
-2.34379 , -26.9256 , 62.6993
-1.62482 , -26.734 , 64.1924
-1.22326 , -25.837 , 63.753
-1.60372 , -26.5537 , 64.1422
-1.24111 , -25.0642 , 62.4728
-1.0957 , -26.9613 , 65.624
-2.57893 , -28.7552 , 65.137
-2.10262 , -27.3648 , 64.381
-1.00701 , -26.5298 , 65.3066
-2.29493 , -27.2229 , 63.7885
-0.662899 , -25.4598 , 63.7849
-2.55749 , -28.7281 , 65.8872
-1.78906 , -27.5862 , 65.3819
-3.26349 , -28.7987 , 65.0739
-2.04881 , -27.134 , 64.0183
-1.06813 , -25.2572 , 62.8953
-1.54903 , -27.2242 , 65.3206
-2.0633 , -28.5156 , 66.4764
-1.75755 , -27.4892 , 65.2341
-1.52497 , -25.9219 , 63.2669
-2.31504 , -27.6633 , 64.3828
-2.21855 , -26.6554 , 62.8509
-2.58125 , -28.7688 , 65.2895
-2.92374 , -29.3458 , 66.1975
-2.64747 , -28.858 , 64.9442
-0.806515 , -25.8642 , 64.6452
-1.71308 , -26.2373 , 63.3011
-2.11443 , -27.528 , 64.8347
-2.85265 , -30.9127 , 68.8314
-1.38371 , -27.0901 , 65.3231
-1.85003 , -29.1896 , 67.8875
-1.83219 , -27.7641 , 65.8219
-2.54223 , -28.2704 , 65.1765
-1.02306 , -26.6631 , 64.9138
-0.970066 , -26.2734 , 64.0419
-1.94325 , -27.7219 , 65.4372
-2.15954 , -27.9656 , 66.8849
-1.02393 , -26.6646 , 64.8871
-1.27922 , -26.9229 , 65.3604
-1.40302 , -27.1285 , 65.491
-2.60049 , -28.9999 , 65.7153
-1.64422 , -27.9603 , 66.4242
-0.866045 , -27.7862 , 67.0872
-0.894119 , -28.089 , 67.0655
-0.899675 , -28.0065 , 66.8105
-1.69064 , -27.7376 , 66.1741
-0.306973 , -27.4457 , 67.5679
-1.64245 , -28.1429 , 66.9377
-2.0614 , -28.3928 , 66.2691
-1.58076 , -26.7865 , 64.8208
-1.17457 , -26.6139 , 65.1997
-1.34943 , -26.9923 , 65.4561
-0.982702 , -26.4613 , 64.5947
-2.73794 , -29.0887 , 65.8507
-2.09325 , -27.8891 , 65.2605
-0.899065 , -27.7544 , 67.3753
-0.729606 , -25.6725 , 63.597
-0.787064 , -27.7144 , 67.9809
-1.1267 , -26.5195 , 64.6865
-1.52357 , -27.2012 , 65.5583
-1.67244 , -27.0884 , 65.1132
-1.09377 , -26.9591 , 65.6442
-1.39221 , -27.1991 , 65.7341
-2.14606 , -27.567 , 64.9031
-1.6112 , -26.736 , 64.5625
-1.06202 , -26.3011 , 64.175
-1.36307 , -26.7028 , 64.8214
-1.00542 , -26.5337 , 64.664
-1.99324 , -27.509 , 65.0095
-1.48311 , -27.0452 , 65.2765
-1.13365 , -26.7271 , 65.1781
-1.36894 , -27.3021 , 65.8963
-1.06213 , -26.3023 , 64.1603
-1.4989 , -27.0522 , 65.2635
-2.63342 , -28.6272 , 65.5143
-2.92547 , -29.2769 , 65.9639
-1.19767 , -26.5972 , 64.7648
-0.878288 , -26.3419 , 64.023
-0.831291 , -26.8544 , 65.4403
-0.768019 , -27.5915 , 67.4119
-1.12751 , -26.5226 , 64.7378
-1.01245 , -26.5587 , 65.5146
-1.50334 , -26.7829 , 64.3393
-2.37612 , -28.3606 , 65.5991
-1.53889 , -28.6126 , 67.3477
-1.19702 , -26.5935 , 64.8124
-1.42436 , -27.2505 , 65.2246
-2.21554 , -29.3753 , 66.6183
-1.20209 , -26.6002 , 64.8662
-2.05024 , -28.5125 , 66.2931
-1.98274 , -28.2683 , 66.1624
-1.92998 , -27.8593 , 65.0897
-1.84594 , -28.1083 , 66.2883
-3.0845 , -29.7736 , 66.7477
-1.46068 , -28.2593 , 67.4028
-2.06576 , -27.383 , 64.5586
-2.17768 , -27.9963 , 65.4776
-1.09559 , -26.9576 , 65.575
-2.0727 , -27.3945 , 64.5795
-2.14493 , -28.0558 , 65.7113
-1.2137 , -27.0701 , 65.5875
-2.27083 , -29.1322 , 66.605
-1.1859 , -27.4049 , 66.3285
-2.11875 , -29.6018 , 68.1066
-4.42973 , -30.914 , 67.0685
-1.85395 , -27.9652 , 66.0118
-1.78895 , -27.0146 , 64.6912
-1.77768 , -27.4474 , 65.3079
-1.16011 , -26.7038 , 65.0439
-1.33972 , -26.7157 , 64.9062
-2.60035 , -28.6217 , 65.6274
-2.49495 , -29.4313 , 66.9618
-5.05273 , -36.2666 , 76.7871
-0.982764 , -26.4601 , 64.5965
-1.02154 , -26.6622 , 64.8987
-1.5026 , -26.6973 , 64.7627
-1.23404 , -26.6588 , 64.898
-2.58566 , -28.6003 , 65.5824
-2.3212 , -28.1299 , 65.157
-2.94683 , -29.392 , 66.2449
-1.71172 , -27.5114 , 65.675
-1.90016 , -28.3853 , 66.423
-2.24738 , -29.1279 , 66.8093
-0.260935 , -27.4085 , 67.4759
-1.90586 , -27.6619 , 65.7061
-0.902695 , -27.2927 , 66.1854
-3.27881 , -29.8193 , 66.2807
-1.40428 , -27.2714 , 65.8825
-1.56205 , -28.7103 , 67.5611
-2.85477 , -30.0358 , 67.3597
-1.42974 , -28.1545 , 67.1299
-1.63263 , -27.6305 , 65.8399
-1.60556 , -27.3288 , 65.6034
-1.44929 , -27.469 , 65.9193
-2.62298 , -28.8354 , 65.413
-1.79283 , -28.0736 , 66.4469
-2.16925 , -28.5744 , 66.5507
-0.982259 , -26.4601 , 64.587
-3.06542 , -29.7416 , 66.6919
-2.05633 , -27.8948 , 65.7392
-1.85619 , -27.9773 , 66.028
-1.81615 , -27.2712 , 65.1466
-1.92597 , -28.3325 , 66.5648
-2.73505 , -28.5065 , 65.3605
-1.76814 , -27.9463 , 66.6288
-1.90837 , -28.166 , 65.8332
-0.911053 , -26.1814 , 63.6321
-1.50316 , -26.6944 , 64.7684
-1.11537 , -26.275 , 64.1522
-1.35196 , -26.8543 , 65.1815
-1.51414 , -27.0793 , 65.3734
-2.46339 , -28.2958 , 65.3953
-2.29535 , -28.2216 , 65.3696
-1.45757 , -27.0281 , 65.5664
-2.49998 , -28.6413 , 65.74
-1.5077 , -27.0999 , 65.9406
-2.39717 , -28.7704 , 66.1853
-2.38157 , -28.7468 , 66.1463
-1.05281 , -26.4386 , 62.2509
-1.02696 , -26.416 , 62.2681
-0.998542 , -26.382 , 62.2902
-0.992605 , -26.496 , 63.2529
-1.25368 , -26.7294 , 64.3425
-1.77939 , -27.0095 , 64.6622
-2.06813 , -27.3868 , 64.5619
-4.47245 , -30.0991 , 65.7181
-0.978299 , -26.278 , 64.0844
-1.22557 , -26.3492 , 64.4648
-1.23168 , -26.3528 , 64.5291
-1.14056 , -26.4263 , 64.5223
-2.873 , -28.667 , 64.2886
-1.12657 , -26.5244 , 64.7005
-0.975386 , -26.386 , 64.3814
-1.42382 , -26.9407 , 65.4819
-1.53827 , -27.1661 , 65.4582
-2.27341 , -28.1993 , 65.3284
-2.70322 , -28.5696 , 65.5195
-0.98477 , -26.781 , 65.2786
-1.47158 , -27.522 , 66.1111
-0.404003 , -26.3487 , 66.1363
-1.85895 , -28.1401 , 66.3511
-1.2482 , -27.2094 , 66.2358
-1.07477 , -27.5726 , 66.4863
-1.20664 , -28.0809 , 67.1498
-1.44436 , -28.6867 , 68.0527
-0.987028 , -26.3512 , 62.2539
-0.985119 , -26.3757 , 62.2792
-0.995924 , -26.3745 , 62.2864
-0.974813 , -26.3213 , 62.3568
-0.954455 , -26.3412 , 62.4052
-0.949915 , -26.3099 , 62.4161
-1.17445 , -26.5926 , 62.4427
-1.23025 , -26.6581 , 62.4909
-1.23451 , -26.6628 , 62.4957
-0.950842 , -26.3552 , 62.7391
-0.855392 , -26.2584 , 62.8271
-0.810923 , -26.2407 , 63.1266
-1.20916 , -26.6777 , 64.1127
-1.21071 , -26.3509 , 64.3207
-1.27755 , -26.4309 , 64.4563
-1.28715 , -26.4356 , 64.5114
-1.60802 , -26.873 , 64.8234
-0.998346 , -26.3182 , 64.1162
-1.13018 , -26.4232 , 64.4199
-2.06841 , -27.3895 , 64.5623
-1.00037 , -26.3156 , 64.1437
-0.992693 , -26.3279 , 64.1158
-3.01187 , -28.5357 , 64.965
-2.57108 , -27.9458 , 64.6568
-1.75496 , -27.2615 , 64.8481
-1.65996 , -27.0811 , 65.0613
-1.12706 , -26.5209 , 64.7171
-1.35731 , -26.7351 , 65.0267
-0.97765 , -26.4518 , 64.4704
-0.979725 , -26.4557 , 64.5074
-1.53807 , -27.2121 , 65.2212
-1.3445 , -26.9352 , 65.3013
-0.983399 , -26.4606 , 64.5849
-1.26152 , -26.6999 , 65.2143
-4.70389 , -30.6129 , 66.9375
-1.82491 , -27.3967 , 65.4417
-1.8273 , -27.3997 , 65.4541
-1.54034 , -27.1018 , 65.4927
-1.82023 , -27.512 , 65.4654
-2.45017 , -28.2904 , 65.425
-0.8774 , -26.3646 , 64.3246
-2.77042 , -28.7908 , 65.5817
-1.00473 , -26.3221 , 64.0449
-2.5394 , -28.0267 , 64.588
-3.87683 , -30.198 , 66.2623
-1.95539 , -27.7404 , 65.1823
-1.24702 , -26.6794 , 65.0365
-1.5601 , -27.2702 , 65.4601
-0.93562 , -26.5879 , 64.8178
-2.32131 , -28.2717 , 65.4458
-2.09212 , -27.9654 , 65.4714
-2.02881 , -28.1593 , 65.9009
-1.62747 , -28.1101 , 66.849
-2.16209 , -27.6463 , 64.7331
-2.23978 , -27.7087 , 64.7415
-0.983083 , -26.4613 , 64.5851
-2.9209 , -29.3513 , 66.197
0.289388 , -26.3703 , 66.9657
-0.968904 , -26.6542 , 64.6188
-1.24276 , -26.6713 , 65.0148
-0.979857 , -26.2813 , 64.0771
-1.5925 , -28.8003 , 67.7581
-2.6969 , -28.9241 , 65.4383
-0.976912 , -26.6238 , 64.9658
-1.17248 , -26.4921 , 64.598
-1.35601 , -26.9991 , 65.5026
-1.78412 , -27.6971 , 65.706
-1.86332 , -28.3041 , 66.2287
-1.5517 , -28.0878 , 66.8881
-1.59731 , -26.8672 , 64.7835
-2.18518 , -27.6665 , 64.7812
-1.79677 , -27.0245 , 64.7166
-1.91345 , -27.3408 , 64.9256
-2.28711 , -28.1866 , 65.6839
-1.45167 , -28.2376 , 67.3994
-3.43287 , -29.1967 , 65.5746
-2.40827 , -28.0583 , 65.3308
-1.27589 , -26.9275 , 65.3684
-1.72403 , -27.5354 , 65.7309
-4.39564 , -31.3517 , 67.5085
-2.03098 , -28.3299 , 66.1433
-2.49235 , -29.4297 , 66.9709
-1.40017 , -27.2157 , 65.7843
-2.50171 , -28.6345 , 65.7409
-2.53763 , -28.6924 , 65.8259
-2.99867 , -29.4734 , 66.3531
-1.53315 , -27.139 , 66.0922
-0.591456 , -26.4129 , 65.358
-2.13026 , -28.4915 , 66.3799
-1.26171 , -27.7349 , 65.5898
-1.60814 , -27.2826 , 65.6943
-3.03488 , -29.5149 , 66.3264
-0.910067 , -26.1814 , 63.6418
-1.49921 , -26.6824 , 64.6823
-1.19404 , -26.5141 , 64.851
-2.46087 , -28.4124 , 65.5373
-2.51554 , -28.9172 , 66.0949
-1.0629 , -26.301 , 64.1712
-0.889057 , -24.2437 , 59.0306
-1.38376 , -27.2312 , 65.7107
-1.31375 , -24.6201 , 61.4004
-0.45185 , -26.3233 , 66.2437
-2.08094 , -28.4191 , 66.2877
-0.521653 , -24.7009 , 62.3286
-0.258462 , -25.875 , 65.623
-2.06309 , -29.4468 , 67.8142
-0.711569 , -25.3893 , 63.4206
-0.480602 , -26.2235 , 65.6002
-0.644168 , -24.486 , 62.261
-1.89651 , -27.6606 , 65.2806
-2.07394 , -29.487 , 67.8988
0.112279 , -25.9853 , 66.2346
0.287978 , -25.8607 , 66.4423
-0.645781 , -25.3972 , 63.8099
-0.965139 , -26.3834 , 64.8897
-0.785087 , -25.9631 , 64.4086
-1.32347 , -27.0176 , 65.8976
-1.05533 , -26.6102 , 64.9262
-0.607534 , -26.7912 , 66.5945
-0.783313 , -27.0036 , 66.5074
-2.02701 , -27.2364 , 64.2444
-1.71697 , -27.9402 , 66.1195
-1.62774 , -27.6654 , 65.818
-2.10964 , -28.0023 , 65.5378
-2.30823 , -28.252 , 65.284
-0.808908 , -27.0264 , 65.837
-1.55548 , -21.4634 , 53.7896
-1.65267 , -24.8141 , 58.7187
-2.08617 , -21.6985 , 53.0914
-0.492203 , -20.5053 , 53.8033
-4.87832 , -24.7469 , 51.8186
-0.339845 , -20.3555 , 53.785
-4.08059 , -23.5239 , 52.1696
-1.3576 , -22.3531 , 55.9635
-0.282942 , -19.6863 , 52.2951
-1.49983 , -21.343 , 53.5606
-0.252167 , -19.5786 , 52.1418
-1.00811 , -21.0658 , 53.9381
-0.381584 , -20.1486 , 53.1081
-0.385994 , -20.4027 , 53.7742
-0.323325 , -20.0348 , 52.8689
-0.388036 , -20.2891 , 53.5249
-2.16488 , -23.5502 , 57.3555
-0.486405 , -21.9621 , 56.6959
-1.73069 , -23.5261 , 58.3727
-0.827633 , -24.1014 , 61.1395
-1.16637 , -24.7599 , 61.9164
-1.43867 , -25.0441 , 61.5126
-1.2775 , -25.7378 , 63.0789
-1.82874 , -16.2613 , 41.9937
-2.21487 , -16.4856 , 41.7352
0.157147 , -16.4029 , 45.2088
-0.245168 , -17.3128 , 46.4803
-0.0292509 , -15.4632 , 41.7254
-0.0551789 , -14.814 , 40.1642
-0.251083 , -15.2141 , 41.7997
-0.43299 , -16.6664 , 44.7338
-0.0376953 , -15.5642 , 42.9379
0.147456 , -15.6586 , 41.8758
0.0685674 , -15.532 , 42.7805
-0.274799 , -16.0479 , 43.5692
-0.0809813 , -15.3503 , 41.5872
0.308387 , -15.5697 , 41.9967
-0.0889902 , -16.4684 , 44.9148
-0.904051 , -16.7871 , 44.4361
-1.12393 , -17.3478 , 45.8945
-0.351498 , -16.9758 , 45.7562
-0.298047 , -16.6546 , 45.0835
-0.357392 , -16.9799 , 45.7249
-0.182095 , -19.0178 , 50.9564
-0.731445 , -19.1159 , 50.796
-0.244444 , -17.4143 , 46.9774
-0.26337 , -18.6714 , 50.0168
-0.482419 , -18.4181 , 49.3226
-2.53499 , -24.6726 , 58.1603
-0.300109 , -19.8385 , 52.4997
-0.163897 , -18.6289 , 50.1759
-1.27701 , -19.3803 , 49.966
-2.6987 , -21.0631 , 50.1412
-1.23379 , -19.4685 , 49.674
-0.231614 , -18.0562 , 48.2963
-0.316965 , -19.3551 , 51.409
-0.19707 , -18.5893 , 49.6486
-2.7314 , -21.0213 , 49.6425
0.209968 , -11.8845 , 33.5517
-1.68678 , -12.9514 , 34.37
-1.4859 , -12.546 , 33.3226
-1.79912 , -12.9131 , 33.2645
-0.121312 , -12.7355 , 35.4023
0.0042955 , -12.2471 , 34.5532
0.361372 , -12.3124 , 35.237
0.505423 , -12.1443 , 34.3155
-0.210418 , -13.1019 , 36.209
0.462816 , -12.2488 , 35.0248
0.104059 , -11.9996 , 34.206
0.322713 , -12.6682 , 35.9227
0.0080001 , -12.9661 , 36.3279
0.334589 , -12.7084 , 36.0907
0.164504 , -12.8505 , 36.122
-0.365345 , -13.2451 , 36.8103
-0.62792 , -13.79 , 37.5039
0.0293912 , -13.6601 , 38.1633
-0.570355 , -13.4048 , 36.9939
1.01019 , -13.3792 , 38.4706
1.19728 , -12.9568 , 37.9705
0.907548 , -13.6454 , 38.5742
-0.472088 , -13.6785 , 36.8792
-0.698922 , -19.5131 , 50.8629
0.390628 , -13.3165 , 37.7282
0.220833 , -13.5551 , 38.1287
-1.45385 , -18.3404 , 47.5724
1.33366 , -12.723 , 38.1234
0.985355 , -13.553 , 38.5885
1.5254 , -13.223 , 39.5285
0.927938 , -13.6649 , 38.6712
0.0295264 , -13.5489 , 37.954
0.639845 , -13.363 , 38.1361
0.395668 , -13.3136 , 37.7533
0.971604 , -13.1623 , 38.0482
0.20218 , -13.56 , 38.0378
0.426327 , -13.48 , 37.2033
0.172372 , -13.5652 , 38.0244
-1.38211 , -16.0242 , 42.6244
0.559897 , -13.1273 , 37.8652
0.160109 , -13.5741 , 37.9675
0.831594 , -13.4853 , 38.5009
0.255604 , -13.504 , 37.9762
1.15804 , -13.341 , 38.7885
-1.54566 , -18.1725 , 45.6002
1.49417 , -13.469 , 39.6921
-1.15361 , -15.3357 , 40.7267
0.885489 , -13.4797 , 38.6439
-0.00311519 , -13.7333 , 38.2182
-0.752312 , -14.002 , 37.8877
0.783477 , -13.4485 , 38.7839
-1.36419 , -17.2545 , 43.3443
0.850461 , -13.2854 , 38.2079
-0.22195 , -15.1227 , 41.5488
-0.143537 , -14.1158 , 39.4128
0.309372 , -14.5354 , 41.2165
-0.145516 , -14.7288 , 40.7814
-0.225174 , -15.2193 , 42.0311
-1.7594 , -15.9297 , 41.5166
-1.57937 , -15.9518 , 41.9205
-0.263824 , -14.7262 , 40.8025
-0.215097 , -15.2844 , 41.8137
-0.0268947 , -15.454 , 41.4941
-0.490169 , -19.8716 , 50.2956
-0.0987878 , -14.8342 , 39.9793
-0.265302 , -14.8457 , 40.9627
0.747195 , -8.47408 , 24.7983
-5.44235 , -12.0446 , 30.0046
-1.48877 , -9.1485 , 24.5001
-1.75016 , -9.31305 , 22.8707
0.299815 , -10.6444 , 30.1763
-0.2253 , -9.35891 , 26.5425
-1.48454 , -11.4031 , 30.1383
-3.55465 , -11.1149 , 27.2589
-3.34844 , -10.7057 , 25.5839
-1.13948 , -9.12112 , 24.849
-1.49355 , -9.80145 , 26.2299
-2.78527 , -9.96876 , 24.8917
-1.09461 , -9.66392 , 26.2778
0.367264 , -8.86472 , 25.8033
-1.01259 , -9.26161 , 25.4956
-0.778674 , -9.70079 , 26.9684
-1.65477 , -9.97056 , 26.1625
-0.331344 , -9.14487 , 26.2758
0.0199601 , -9.9344 , 28.1008
-0.932377 , -10.275 , 28.0353
-1.85101 , -11.7035 , 30.6551
-0.630065 , -11.1212 , 30.5408
-0.855077 , -10.2021 , 28.1637
0.247678 , -10.7997 , 30.2537
0.341039 , -9.67124 , 26.4695
0.46961 , -10.1267 , 29.2803
-1.66342 , -12.3049 , 32.2753
-3.28027 , -12.1592 , 28.6287
0.0699841 , -9.9013 , 28.544
0.528206 , -10.0985 , 28.8516
-1.52231 , -10.8328 , 27.9006
0.56928 , -10.0014 , 28.6243
0.633727 , -10.2723 , 29.6711
-0.0616764 , -12.6221 , 35.1192
-0.75999 , -13.2402 , 35.9059
-2.11085 , -13.6328 , 34.3838
0.608682 , -10.2481 , 29.7724
0.201631 , -11.0308 , 31.4554
0.440628 , -13.0259 , 37.0436
-1.67752 , -12.0724 , 30.3292
0.0748592 , -11.0764 , 31.2998
-2.49569 , -13.0781 , 32.5722
-1.68008 , -12.2494 , 32.1782
-1.40392 , -12.8332 , 34.39
0.236757 , -11.2998 , 32.6708
-2.01501 , -6.19656 , 17.431
0.95148 , -3.61404 , 12.1186
0.435351 , -4.38624 , 14.102
0.0878569 , -4.57687 , 14.5083
0.177585 , -3.89448 , 12.4775
-0.386913 , -5.2337 , 15.8184
-0.30005 , -5.05497 , 15.5968
0.695727 , -4.78278 , 15.1394
-0.707861 , -4.51713 , 14.0134
0.532058 , -5.19273 , 16.1664
0.956228 , -4.51211 , 14.3364
0.59435 , -4.72531 , 15.4937
0.433653 , -4.58966 , 14.9117
0.878529 , -4.96835 , 15.7582
1.15473 , -5.14858 , 16.2781
0.936088 , -4.92854 , 15.6892
0.766499 , -4.93663 , 15.7838
0.446898 , -4.9691 , 15.6975
1.06361 , -5.19356 , 16.5336
1.02445 , -5.16691 , 15.5046
0.498833 , -5.54718 , 17.3316
0.371266 , -5.75149 , 17.7117
0.305412 , -8.70592 , 24.4421
0.329665 , -6.63773 , 19.9514
-1.31335 , -7.09942 , 19.7153
-0.240305 , -6.03239 , 18.1782
-1.2042 , -6.47117 , 18.4589
-3.46912 , -13.7434 , 33.2335
-0.990652 , -6.79005 , 19.3563
-1.43515 , -7.66083 , 21.2381
-1.49365 , -6.83462 , 18.7184
-0.295502 , -6.88126 , 20.1444
0.522989 , -6.88176 , 19.7546
-0.977904 , -11.4947 , 31.1509
-0.407967 , -8.82318 , 24.8846
0.326228 , -6.6358 , 19.9393
0.455204 , -7.04651 , 21.1859
-0.0934734 , -7.45563 , 21.777
0.186867 , -7.95191 , 23.1571
-1.19021 , -7.74088 , 21.6722
-1.29302 , -9.23639 , 25.0859
-1.58101 , -10.1454 , 27.0442
0.140755 , -7.76304 , 22.9247
0.48422 , -7.32075 , 21.8251
0.32237 , -0.648776 , 4.30841
0.973414 , -1.16333 , 5.46183
0.539712 , -0.472661 , 2.74415
-0.382014 , -0.288287 , 3.59162
-0.837542 , -0.288358 , 3.58516
0.0414871 , -0.658577 , 4.48648
1.02816 , -1.06633 , 4.20381
-0.280971 , -0.341501 , 3.5669
0.14499 , -0.826344 , 4.90674
0.879789 , -0.439644 , 3.29305
-0.39955 , -0.48001 , 4.12066
1.05048 , -1.14748 , 4.26685
0.793812 , -2.48019 , 7.91684
0.800948 , -0.635323 , 4.1589
0.954685 , -0.771704 , 4.26435
-1.17611 , -0.673061 , 4.19836
0.888227 , -1.0788 , 5.43449
-0.52066 , -1.36065 , 6.28263
1.35285 , -1.28366 , 5.48684
0.983833 , -0.862647 , 3.97062
-0.99481 , -1.51446 , 6.75577
0.365267 , -0.574436 , 2.12947
1.21444 , -1.37844 , 6.03389
-0.626446 , -1.68285 , 7.16594
1.12552 , -1.42011 , 6.10254
0.257746 , -3.84393 , 12.4805
-0.469879 , -1.37846 , 6.17686
-0.612502 , -1.82161 , 7.97246
0.512356 , -1.61623 , 6.85443
0.567833 , -1.53772 , 6.71679
-5.09511 , -2.35938 , 7.79009
1.93203 , -1.86321 , 7.3534
0.281838 , -2.19004 , 8.42216
1.28745 , -1.8012 , 6.27423
0.473229 , -2.03604 , 7.82362
0.801323 , -1.85371 , 7.2614
1.13924 , -1.37307 , 6.02062
1.13878 , -1.4821 , 6.15877
0.0850238 , -1.36421 , 5.92357
-7.69106 , -10.0896 , 27.7429
0.881529 , -1.80146 , 7.01325
0.957669 , -1.77046 , 7.07621
-2.16639 , -2.50368 , 7.70733
0.894862 , -2.04315 , 7.77368
-0.295616 , -1.88846 , 7.76275
-0.655628 , -2.44959 , 8.99799
-2.24503 , -2.52391 , 7.82785
0.689748 , -2.5698 , 9.17789
0.200919 , -3.19035 , 10.859
-0.804033 , -2.71696 , 9.54879
0.968116 , -2.45291 , 8.83578
1.4521 , -3.52539 , 11.9953
-1.84589 , -3.10085 , 9.22412
-1.80857 , -3.08848 , 9.18464
0.357208 , -2.64122 , 9.01707
-2.0315 , -3.66297 , 11.3495
0.671422 , -2.20504 , 8.36854
-1.45015 , -4.10879 , 12.1809
-1.13934 , -2.91803 , 8.39265
-0.78484 , -2.78436 , 8.59131
-1.84777 , -3.10173 , 9.22996
-1.37986 , -2.87389 , 9.58629
0.906986 , -2.74691 , 9.57806
-1.36981 , -3.28721 , 9.41749
-0.798625 , -5.11399 , 15.5707
-4.18151 , -6.60747 , 18.908
-0.83916 , -3.38435 , 11.2197
-1.51904 , -3.31219 , 11.1818
0.999702 , -2.43878 , 8.90499
-1.38144 , -3.20677 , 9.84562
0.97809 , -3.23065 , 10.6466
0.335175 , -3.23109 , 11.1744
-1.11388 , -3.72362 , 11.3099
-2.18352 , -3.32951 , 9.88154
-0.103834 , -3.27572 , 11.3757
-0.43353 , -5.45386 , 16.5679
1.39461 , -3.31486 , 10.8921
0.100199 , -3.51631 , 11.7654
-0.0737919 , -3.23682 , 10.9654
1.40408 , -3.33257 , 11.2818
