0,0,0
0.002045,-0.001043,0.002017
0.035544,-0.00971,0.029371
0.035732,-0.009804,0.030285
0.035447,-0.010192,0.030218
0.035857,-0.011589,0.032393
0.036689,-0.012196,0.03358
0.03691,-0.013662,0.036092
0.033992,-0.012472,0.034405
0.033562,-0.014104,0.036212
0.034415,-0.017518,0.041486
0.038886,-0.021868,0.0465
0.038204,-0.022252,0.047354
0.038117,-0.022794,0.04801
0.037582,-0.022864,0.048955
0.034969,-0.022429,0.048496
0.03496,-0.02245,0.048924
0.034495,-0.022228,0.049472
0.03632,-0.022753,0.050907
0.036685,-0.022556,0.050801
0.035846,-0.023059,0.051765
0.035571,-0.02356,0.05312
0.02958,-0.01866,0.049149
0.030338,-0.018694,0.050956
0.02721,-0.016962,0.050046
0.022604,-0.012884,0.049787
0.021694,-0.012603,0.051023
0.020918,-0.012458,0.051373
0.020056,-0.012537,0.052763
0.013355,-0.009932,0.048542
0.012965,-0.009153,0.049824
0.010121,-0.007029,0.049058
0.009497,-0.008197,0.052041
0.007855,-0.007924,0.054228
0.009326,-0.00996,0.061874
0.010168,-0.012591,0.067653
0.007379,-0.013652,0.069491
0.007648,-0.015722,0.076876
0.007675,-0.017193,0.081364
0.005897,-0.019292,0.083458
0.006964,-0.025405,0.092476
0.007118,-0.028361,0.098513
0.004755,-0.031984,0.102133
0.00489,-0.035847,0.111869
0.00261,-0.042169,0.118535
0.003763,-0.05288,0.140762
0.005075,-0.05668,0.150461
0.005169,-0.060161,0.158741
0.006255,-0.067443,0.170602
0.002747,-0.070911,0.177284
0.004093,-0.075565,0.2001
0.00469,-0.080357,0.209184
0.00621,-0.084592,0.221318
0.012025,-0.096097,0.246112
0.012672,-0.100766,0.258788
0.016792,-0.112927,0.278487
0.018978,-0.119529,0.291643
0.023424,-0.129003,0.313359
0.024874,-0.136015,0.329467
0.026117,-0.143477,0.343179
0.033182,-0.154169,0.367943
0.0417,-0.164737,0.390475
0.044772,-0.174641,0.409301
0.048861,-0.184324,0.428437
0.047686,-0.194845,0.445969
0.052717,-0.202551,0.462826
0.052265,-0.214737,0.477883
0.058451,-0.224779,0.497819
0.062987,-0.235585,0.517342
0.06961,-0.247714,0.540625
0.074424,-0.256078,0.560508
0.077522,-0.263881,0.576462
0.080402,-0.2713,0.593792
0.083225,-0.277487,0.610906
0.087493,-0.285641,0.630001
0.093013,-0.298656,0.65498
0.097953,-0.308561,0.677699
0.101456,-0.316989,0.695166
0.100863,-0.325526,0.716312
0.107524,-0.336776,0.745546
0.111294,-0.346707,0.769778
0.116579,-0.357541,0.799039
0.11632,-0.367389,0.81849
0.115065,-0.374437,0.837654
0.12165,-0.389466,0.867905
0.116174,-0.399398,0.881247
0.117745,-0.409196,0.899286
0.123649,-0.424736,0.932882
0.125446,-0.436326,0.953994
0.124546,-0.446941,0.972464
0.123446,-0.461279,1.002318
0.126419,-0.47188,1.023411
0.125783,-0.483107,1.045317
0.127913,-0.491432,1.063483
0.12908,-0.502721,1.088374
0.129861,-0.511667,1.108991
0.131407,-0.521761,1.134182
0.13275,-0.53625,1.16159
0.136722,-0.549381,1.192228
0.133476,-0.560176,1.21315
0.138391,-0.573581,1.245418
0.139972,-0.584419,1.270868
0.144295,-0.598328,1.301137
0.14941,-0.611399,1.329745
0.152485,-0.622198,1.357483
0.157629,-0.633442,1.381258
0.15893,-0.647624,1.404518
0.160651,-0.659252,1.42971
0.160714,-0.672062,1.448784
0.16806,-0.691236,1.483533
0.169756,-0.706381,1.510881
0.170296,-0.718175,1.536531
0.172626,-0.728547,1.560396
0.173921,-0.741706,1.585282
0.17641,-0.750342,1.608132
0.179045,-0.764271,1.635559
0.179555,-0.771474,1.654696
0.180784,-0.785976,1.686092
0.181225,-0.79739,1.707817
0.186969,-0.81241,1.741126
0.1914,-0.828028,1.77406
0.19165,-0.840902,1.808604
0.204457,-0.863303,1.853216
0.206889,-0.876978,1.886354
0.19364,-0.886457,1.899116
0.194038,-0.897436,1.929504
0.194052,-0.909111,1.951336
0.186711,-0.910779,1.954387
0.188478,-0.926145,1.978204
0.187626,-0.939307,2.000489
0.187939,-0.948774,2.018818
0.188604,-0.957449,2.044171
0.190299,-0.9664,2.065236
0.184526,-0.973643,2.080601
0.181183,-0.982921,2.097528
0.177386,-0.990528,2.118923
0.179019,-1.00349,2.142902
0.182705,-1.014223,2.173126
0.188975,-1.02819,2.204086
0.192514,-1.045378,2.237179
0.197292,-1.06009,2.270094
0.202733,-1.073762,2.304655
0.201963,-1.083495,2.324562
0.205534,-1.094701,2.351484
0.211153,-1.107176,2.382882
0.215183,-1.116912,2.40557
0.222191,-1.134611,2.438749
0.228039,-1.147023,2.465262
0.230724,-1.158857,2.486734
0.234565,-1.171757,2.512901
0.237464,-1.186988,2.539479
0.242593,-1.201303,2.569196
0.240515,-1.22101,2.591165
0.253306,-1.241295,2.627168
0.257436,-1.255038,2.652355
0.255678,-1.263303,2.671339
0.257442,-1.273078,2.697184
0.24103,-1.271024,2.6952
0.248803,-1.280944,2.727519
0.250408,-1.289152,2.751716
0.25239,-1.300901,2.778248
0.256016,-1.313695,2.80897
0.26208,-1.325791,2.840091
0.269812,-1.338678,2.875502
0.273843,-1.350861,2.904043
0.2719,-1.363481,2.927373
0.274906,-1.374702,2.954515
0.279778,-1.389843,2.983548
0.273153,-1.404599,2.994129
0.27248,-1.415015,3.014355
0.276126,-1.429594,3.038594
0.279941,-1.44136,3.063586
0.275704,-1.45203,3.076758
0.274212,-1.459567,3.095443
0.280753,-1.472351,3.113346
0.278055,-1.479082,3.128819
0.275696,-1.487593,3.14363
0.279869,-1.494955,3.167311
0.281186,-1.504148,3.187298
0.280863,-1.511807,3.205623
0.282418,-1.523557,3.231071
0.287663,-1.534678,3.261514
0.288597,-1.550511,3.287919
0.298995,-1.567254,3.320227
0.304157,-1.578551,3.35043
0.301814,-1.58699,3.369741
0.307324,-1.602946,3.400882
0.310156,-1.613608,3.428063
0.312474,-1.627397,3.455329
0.321677,-1.64063,3.489671
0.324635,-1.652413,3.516102
0.324436,-1.664344,3.537324
0.328223,-1.682339,3.569101
0.332115,-1.694906,3.596133
0.336497,-1.71299,3.625603
0.347851,-1.730403,3.65248
0.348699,-1.738775,3.674967
0.353785,-1.752508,3.695167
0.352642,-1.762777,3.717141
0.355745,-1.772316,3.741976
0.357193,-1.783641,3.761344
0.361668,-1.795827,3.792316
0.36647,-1.807912,3.820704
0.363124,-1.823226,3.850534
0.364346,-1.838084,3.875789
0.367568,-1.850085,3.904417
0.369134,-1.861078,3.936326
0.35825,-1.869032,3.949862
0.364894,-1.877477,3.971432
0.367079,-1.886271,3.991265
0.371158,-1.899911,4.015408
0.369408,-1.913272,4.036335
0.366006,-1.932074,4.060601
0.368129,-1.941421,4.089683
0.367444,-1.955768,4.121764
0.367075,-1.965619,4.136629
0.369806,-1.978356,4.161902
0.372683,-1.993692,4.18315
0.372976,-2.005806,4.208104
0.379313,-2.017337,4.233918
0.378286,-2.032378,4.262057
0.381611,-2.049246,4.298404
0.382101,-2.059738,4.324543
0.388851,-2.079345,4.362737
0.386702,-2.090884,4.386733
0.391418,-2.103408,4.422726
0.396951,-2.122388,4.454089
0.391724,-2.141927,4.486194
0.394251,-2.157205,4.517032
0.395314,-2.164202,4.539753
0.401271,-2.178756,4.565907
0.399692,-2.190574,4.595007
0.405874,-2.201969,4.620689
0.413308,-2.215032,4.651578
0.415637,-2.232616,4.677431
0.41701,-2.244026,4.69947
0.42544,-2.251487,4.717252
0.421616,-2.269601,4.745327
0.423768,-2.280915,4.764425
0.423715,-2.290567,4.782682
0.428657,-2.304416,4.818529
0.428613,-2.317622,4.832922
0.42343,-2.327261,4.85457
0.42808,-2.34013,4.878932
0.426289,-2.349965,4.903999
0.431096,-2.362821,4.936165
0.426827,-2.372257,4.955666
0.430806,-2.387947,4.976192
0.426811,-2.393492,5.001645
0.429512,-2.405671,5.024391
0.429904,-2.417714,5.048451
0.4243,-2.424899,5.059081
0.426857,-2.439454,5.078557
0.426338,-2.446773,5.113334
0.422351,-2.455538,5.131871
0.42298,-2.469353,5.148623
0.422046,-2.478653,5.165212
0.420135,-2.486469,5.18548
0.422032,-2.501777,5.206072
0.424122,-2.514061,5.227554
0.425976,-2.519059,5.255595
0.431468,-2.533311,5.287198
0.430882,-2.549634,5.310973
0.43237,-2.561568,5.342192
0.438865,-2.58077,5.382206
0.442353,-2.594102,5.411707
0.445919,-2.605385,5.446138
0.449938,-2.620404,5.473819
0.448893,-2.636385,5.502998
0.450769,-2.651297,5.529197
0.448906,-2.658908,5.54776
0.45434,-2.669836,5.571969
0.452531,-2.680453,5.589635
0.460103,-2.691096,5.616737
0.461732,-2.703241,5.64126
0.463444,-2.71439,5.661601
0.464064,-2.726625,5.688073
0.470492,-2.739124,5.712636
0.471616,-2.750134,5.734978
0.457977,-2.755986,5.738257
0.474305,-2.772105,5.782342
0.478025,-2.782516,5.812676
0.482972,-2.792567,5.840124
0.473795,-2.803659,5.85323
0.477322,-2.814695,5.886492
0.48367,-2.829526,5.926618
0.481764,-2.837892,5.951608
0.487623,-2.851506,5.988061
0.483227,-2.866594,6.015739
0.482091,-2.877558,6.04224
0.482399,-2.887945,6.065235
0.481847,-2.904688,6.092817
0.477723,-2.917076,6.115367
0.479502,-2.928972,6.141755
0.482112,-2.940088,6.167859
0.479657,-2.952634,6.191464
0.47846,-2.958287,6.209694
0.478559,-2.971218,6.233724
0.479742,-2.985495,6.257372
0.474381,-2.998277,6.278794
0.47386,-3.011048,6.30608
0.475065,-3.022583,6.330808
0.472561,-3.030609,6.355547
0.46595,-3.040902,6.3769
0.466816,-3.053788,6.406282
0.465258,-3.063218,6.433156
0.463066,-3.07834,6.459966
0.470981,-3.094645,6.498189
0.466508,-3.104972,6.525229
0.468773,-3.120725,6.557058
0.473828,-3.13675,6.591031
0.476209,-3.153652,6.621383
0.483347,-3.170696,6.657362
0.48581,-3.185631,6.684333
0.486366,-3.203249,6.713467
0.484576,-3.213933,6.742195
0.482043,-3.225832,6.762591
0.480336,-3.240618,6.789955
0.48125,-3.257027,6.820112
0.490084,-3.269657,6.849888
0.4896,-3.277309,6.868233
0.491842,-3.292599,6.89566
0.494363,-3.311183,6.933858
0.496446,-3.323185,6.959146
0.499902,-3.334512,6.991052
0.497525,-3.346352,7.015283
0.50045,-3.35556,7.045873
0.500763,-3.362276,7.068859
0.499533,-3.377007,7.100544
0.499255,-3.388094,7.12719
0.493264,-3.393586,7.143346
0.499149,-3.410865,7.174676
0.50601,-3.428698,7.218812
0.500369,-3.4397,7.225883
0.498849,-3.455702,7.255826
0.498137,-3.469657,7.283676
0.501054,-3.4833,7.310445
0.496586,-3.497172,7.331306
0.500081,-3.513822,7.360389
0.498275,-3.524856,7.384325
0.497084,-3.536629,7.410082
0.498485,-3.548351,7.434369
0.500836,-3.55955,7.466306
0.489243,-3.565079,7.467051
0.500351,-3.584246,7.516046
0.508604,-3.599212,7.549151
0.510484,-3.611296,7.580919
0.508694,-3.623663,7.609047
0.514398,-3.639213,7.648297
0.513938,-3.653108,7.672648
0.518591,-3.665656,7.70137
0.520332,-3.678483,7.726573
0.519505,-3.691904,7.747336
0.51985,-3.70145,7.770734
0.529247,-3.719553,7.801285
0.522093,-3.73188,7.810641
0.521672,-3.74523,7.833887
0.52403,-3.761744,7.865745
0.527115,-3.772431,7.893918
0.530939,-3.783916,7.919307
0.528959,-3.793545,7.936218
0.531339,-3.805306,7.96715
0.531,-3.817844,7.994281
0.529166,-3.825974,8.018376
0.529739,-3.832793,8.041916
0.534698,-3.847157,8.071018
0.528968,-3.854976,8.089361
0.530713,-3.867276,8.123182
0.533166,-3.879451,8.154631
0.53208,-3.895337,8.188111
0.534279,-3.908874,8.223645
0.536397,-3.926218,8.260092
0.538597,-3.943625,8.29719
0.530486,-3.949876,8.310101
0.534344,-3.967512,8.342137
0.532314,-3.983971,8.360999
0.53133,-3.994644,8.385295
0.528465,-4.004735,8.403675
0.527116,-4.020432,8.420402
0.522302,-4.03001,8.431944
0.512625,-4.042681,8.445444
0.510209,-4.053913,8.469262
0.515166,-4.070935,8.492874
0.510855,-4.080421,8.517504
0.512972,-4.093388,8.538509
0.509369,-4.104769,8.565742
0.5128,-4.11953,8.609892
0.514603,-4.132202,8.642925
0.521173,-4.151178,8.676071
0.52297,-4.162858,8.716371
0.522055,-4.179877,8.748892
0.528931,-4.190009,8.780016
0.532547,-4.2036,8.801768
0.529887,-4.218263,8.821822
0.525546,-4.235224,8.857106
0.523631,-4.242895,8.876603
0.532129,-4.255692,8.905731
0.534197,-4.278255,8.935404
0.538064,-4.289669,8.964267
0.540007,-4.304762,8.984737
0.538706,-4.365792,9.040445
0.537845,-4.372466,9.073849
0.56841,-4.372982,9.119842
0.569811,-4.384338,9.146123
0.564854,-4.399456,9.165981
0.564126,-4.407952,9.186559
0.560788,-4.421641,9.216513
0.554582,-4.426839,9.229177
0.56963,-4.44274,9.261197
0.559205,-4.450963,9.27357
0.565393,-4.461806,9.299582
0.5585,-4.45712,9.302662
0.557996,-4.470675,9.320915
0.533186,-4.463819,9.33076
0.530938,-4.467731,9.349068
0.535849,-4.485053,9.355168
0.537899,-4.495656,9.395253
0.538849,-4.51367,9.41014
0.544966,-4.52417,9.431812
0.544624,-4.541165,9.455839
0.548091,-4.555641,9.481462
0.550298,-4.566802,9.508455
0.543036,-4.604587,9.535908
0.566727,-4.594395,9.575221
0.567029,-4.606625,9.60271
0.571319,-4.620654,9.622936
0.574195,-4.657993,9.662822
0.585183,-4.668466,9.695926
0.586206,-4.684562,9.728758
0.593369,-4.697412,9.759296
0.594435,-4.70886,9.791817
0.596769,-4.720951,9.814089
0.592157,-4.738786,9.835999
0.60189,-4.745842,9.860015
0.601413,-4.752532,9.872464
0.613176,-4.765203,9.899009
0.612079,-4.79318,9.935436
0.60639,-4.7946,9.950501
0.614404,-4.810638,9.984097
0.609972,-4.818941,10.004016
0.614256,-4.833121,10.025998
0.604394,-4.84102,10.044585
0.608427,-4.856686,10.064947
0.604929,-4.865808,10.09616
0.605386,-4.877375,10.118288
0.607282,-4.889662,10.145453
0.610214,-4.902075,10.181002
0.604487,-4.906058,10.203013
0.603688,-4.919472,10.225677
0.600727,-4.934752,10.256001
0.611368,-4.950748,10.286074
0.610116,-4.961196,10.306665
0.610493,-4.970408,10.330152
0.61012,-4.979975,10.349477
0.605617,-4.992294,10.373726
0.601984,-5.008261,10.391499
0.617072,-5.026046,10.417423
0.624443,-5.038095,10.441457
0.618669,-5.049363,10.462039
0.615184,-5.063099,10.484583
0.614337,-5.081739,10.513457
0.616475,-5.087612,10.536304
0.615181,-5.105812,10.564509
0.612975,-5.115309,10.5859
0.615501,-5.125235,10.613273
0.623842,-5.137553,10.642025
0.623875,-5.150187,10.667689
0.623951,-5.164416,10.696519
0.627085,-5.174095,10.726876
0.630589,-5.186269,10.7574
0.642954,-5.203143,10.798088
0.645383,-5.218541,10.826597
0.642537,-5.236975,10.854671
0.650653,-5.249807,10.892362
0.65546,-5.264896,10.919681
0.653531,-5.278509,10.944695
0.650311,-5.287596,10.964189
0.654327,-5.293745,10.989369
0.655288,-5.308015,11.009968
0.65521,-5.319382,11.027971
0.657867,-5.326936,11.051569
0.669247,-5.343497,11.087574
0.661973,-5.347257,11.10076
0.655677,-5.35359,11.112216
0.668372,-5.364571,11.144728
0.674021,-5.381007,11.174876
0.665626,-5.383356,11.186916
0.667879,-5.395221,11.214508
0.665087,-5.405525,11.240807
0.664881,-5.416235,11.270156
0.665625,-5.427892,11.293859
0.668429,-5.44805,11.33456
0.667897,-5.451489,11.355803
0.667266,-5.462219,11.379249
0.672536,-5.475971,11.402928
0.671792,-5.488437,11.424299
0.664148,-5.497678,11.42978
0.665428,-5.508878,11.455468
0.677408,-5.528743,11.4956
0.677576,-5.541766,11.520121
0.673155,-5.552049,11.536315
0.674547,-5.56477,11.559772
0.670397,-5.576993,11.58446
0.669035,-5.590895,11.60306
0.6761,-5.602355,11.635803
0.671653,-5.617237,11.657358
0.67349,-5.62659,11.685673
0.671359,-5.638951,11.712071
0.670583,-5.650747,11.738241
0.67865,-5.667647,11.777798
0.679149,-5.682498,11.8063
0.689314,-5.693592,11.836699
0.689201,-5.709005,11.865577
0.695135,-5.728818,11.903247
0.704424,-5.742995,11.930271
0.703158,-5.756439,11.953148
0.70242,-5.768469,11.972925
0.716529,-5.788094,12.01014
0.716121,-5.804537,12.034167
0.71933,-5.818622,12.060622
0.721505,-5.831135,12.08553
0.727413,-5.845097,12.117064
0.731319,-5.865338,12.149587
0.731992,-5.873879,12.172371
0.730792,-5.883824,12.192798
0.73863,-5.896818,12.228391
0.74151,-5.908993,12.260179
0.741268,-5.92321,12.289566
0.743042,-5.938265,12.326829
0.745204,-5.950033,12.360638
0.746706,-5.964675,12.391438
0.748834,-5.979898,12.427288
0.744504,-5.989006,12.448643
0.74435,-6.002559,12.477816
0.745458,-6.015411,12.507333
0.743632,-6.028449,12.527623
0.742855,-6.042212,12.552902
0.742105,-6.05604,12.576208
0.74141,-6.068776,12.601281
0.739789,-6.080674,12.62214
0.735796,-6.09133,12.642241
0.733921,-6.102377,12.66461
0.734891,-6.115808,12.692661
0.733273,-6.127358,12.713486
0.736684,-6.140432,12.744416
0.734439,-6.151993,12.766346
0.734957,-6.163299,12.795411
0.736833,-6.173685,12.823568
0.742652,-6.18728,12.860481
0.74638,-6.199221,12.896899
0.747088,-6.210377,12.923936
0.748378,-6.224039,12.957312
0.746675,-6.236924,12.982266
0.747057,-6.247325,13.008202
0.7555,-6.265674,13.044122
0.758699,-6.280722,13.073014
0.760518,-6.297515,13.101154
0.762892,-6.311985,13.129495
0.767259,-6.328604,13.162436
0.769192,-6.343695,13.192671
0.767155,-6.356713,13.21327
0.766316,-6.370995,13.236622
0.769708,-6.386123,13.267118
0.766672,-6.395497,13.284806
0.765698,-6.405966,13.30529
0.765819,-6.418227,13.335594
0.767366,-6.429829,13.361174
0.76636,-6.442275,13.392428
0.773998,-6.45885,13.432339
0.775532,-6.469669,13.462369
0.774707,-6.483711,13.493813
0.775536,-6.500757,13.5248
0.775572,-6.512351,13.558142
0.775212,-6.523501,13.587183
0.779587,-6.540455,13.618004
0.773229,-6.551503,13.637433
0.774879,-6.563822,13.66172
0.777061,-6.577208,13.683933
0.775054,-6.596165,13.713919
0.77509,-6.608932,13.738658
0.775656,-6.622304,13.766908
0.773877,-6.636817,13.790299
0.770536,-6.649191,13.810033
0.77235,-6.661387,13.837652
0.77622,-6.67614,13.867093
0.77458,-6.688162,13.890577
0.7739,-6.699668,13.914261
0.773298,-6.710907,13.93786
0.773426,-6.723512,13.966438
0.77335,-6.735988,13.994783
0.774313,-6.747298,14.022954
0.778294,-6.764637,14.06155
0.789318,-6.783109,14.102777
0.788043,-6.793243,14.125849
0.795474,-6.806718,14.158777
0.796462,-6.819786,14.183207
0.800225,-6.83164,14.205976
0.800952,-6.843741,14.22887
0.813905,-6.862292,14.266912
0.813964,-6.871433,14.283725
0.817905,-6.884493,14.31122
0.824087,-6.901219,14.345141
0.824642,-6.910869,14.365735
0.82526,-6.920385,14.393358
0.82436,-6.929627,14.41188
0.827044,-6.943088,14.438532
0.825952,-6.951756,14.460773
0.828351,-6.961907,14.488348
0.829313,-6.971576,14.514361
0.831223,-6.983005,14.544824
0.834134,-6.994497,14.57242
0.841964,-7.007516,14.606767
0.840189,-7.021924,14.634348
0.841849,-7.03439,14.662542
0.841856,-7.047075,14.690153
0.848342,-7.063169,14.72434
0.846959,-7.07882,14.753158
0.841661,-7.094644,14.774464
0.840998,-7.111883,14.803583
0.8382,-7.128616,14.828096
0.83925,-7.141879,14.846706
0.846469,-7.154348,14.878125
0.846782,-7.174258,14.89685
0.845818,-7.191498,14.919673
0.845889,-7.207723,14.951487
0.850919,-7.22279,14.984151
0.846681,-7.238487,15.009589
0.844005,-7.251814,15.034445
0.851974,-7.273382,15.06518
0.852076,-7.287438,15.095023
0.849166,-7.299682,15.128547
0.851163,-7.311656,15.160814
0.852764,-7.333224,15.19978
0.854804,-7.348379,15.231866
0.851557,-7.356163,15.259311
0.854704,-7.364952,15.282916
0.861024,-7.379884,15.310313
0.858158,-7.394633,15.332664
0.864108,-7.40623,15.357674
0.874072,-7.425269,15.389915
0.880942,-7.439888,15.421561
0.879755,-7.460371,15.448153
0.882763,-7.4692,15.472062
0.885083,-7.483709,15.491624
0.894999,-7.498695,15.523746
0.890484,-7.510873,15.546072
0.884523,-7.525738,15.572643
0.893799,-7.540985,15.60213
0.890315,-7.552185,15.629868
0.890681,-7.563458,15.657409
0.89374,-7.574061,15.685027
0.88794,-7.583742,15.709458
0.88593,-7.595559,15.734338
0.891593,-7.612635,15.767579
0.887046,-7.622345,15.788033
0.885233,-7.628423,15.810342
0.889582,-7.635729,15.826796
0.892894,-7.649762,15.848563
0.894063,-7.665872,15.8738
0.887352,-7.676424,15.899346
0.89148,-7.690205,15.9208
0.895017,-7.701442,15.944411
0.896424,-7.710433,15.96314
0.890994,-7.727501,15.983538
0.901842,-7.746937,16.010778
0.906785,-7.765069,16.043764
0.918757,-7.781732,16.077705
0.909517,-7.7991,16.104073
0.917265,-7.802477,16.122141
0.909078,-7.824502,16.158573
0.911515,-7.836439,16.195673
0.926383,-7.8583,16.233358
0.916977,-7.873014,16.262409
0.926342,-7.886034,16.298561
0.930278,-7.901812,16.331026
0.934421,-7.917371,16.36447
0.934291,-7.937185,16.397764
0.944338,-7.945719,16.422045
0.953481,-7.956727,16.457651
0.948313,-7.972047,16.47583
0.957322,-7.986734,16.511814
0.957443,-7.999781,16.533409
0.965936,-8.005432,16.546911
0.967648,-8.037258,16.597279
0.969194,-8.048803,16.62359
0.970592,-8.059298,16.64724
0.972408,-8.070326,16.668612
0.974193,-8.080849,16.691698
0.973708,-8.090456,16.712715
0.974484,-8.102053,16.740147
0.976304,-8.111727,16.765133
0.981304,-8.119881,16.797714
0.982787,-8.130914,16.822695
0.980926,-8.141638,16.848898
0.983773,-8.153443,16.876642
0.985031,-8.168181,16.904539
0.984705,-8.18152,16.930374
0.983103,-8.19082,16.956596
0.983077,-8.20202,16.977818
0.980648,-8.216912,16.997269
0.976697,-8.231813,17.019114
0.978675,-8.243427,17.044336
0.981548,-8.257506,17.072107
0.976035,-8.268341,17.092115
0.980631,-8.282115,17.115168
0.980412,-8.295439,17.140539
0.981507,-8.306805,17.164984
0.977722,-8.319766,17.186363
0.979672,-8.331266,17.212698
0.981478,-8.341072,17.236046
0.982057,-8.354607,17.263254
0.986138,-8.360719,17.291027
0.988101,-8.374872,17.319305
0.993089,-8.38547,17.35288
0.995394,-8.39419,17.37781
1.001411,-8.415648,17.409893
1.004965,-8.428857,17.439381
1.009874,-8.441574,17.466499
1.016148,-8.455336,17.496984
1.010839,-8.466228,17.511852
1.020106,-8.48161,17.545794
1.023468,-8.493437,17.572393
1.035956,-8.50932,17.61062
1.029024,-8.517622,17.619358
1.036586,-8.529713,17.645826
1.039228,-8.540353,17.670568
1.042404,-8.548418,17.684744
1.045151,-8.560549,17.717915
1.047947,-8.573318,17.739721
1.054546,-8.581725,17.774044
1.041834,-8.58961,17.791655
1.040541,-8.601985,17.812593
1.044345,-8.613963,17.84403
1.047168,-8.621957,17.877048
1.051774,-8.634835,17.90728
1.055032,-8.645351,17.936325
1.050241,-8.654685,17.956337
1.055782,-8.669583,17.989023
1.057091,-8.684281,18.012007
1.056282,-8.697161,18.030146
1.063875,-8.712586,18.058189
1.066944,-8.727642,18.085421
1.068998,-8.739792,18.110596
1.072098,-8.752607,18.134493
1.073055,-8.767315,18.155903
1.075841,-8.780915,18.179644
1.078356,-8.795109,18.204855
1.075814,-8.807969,18.232803
1.079403,-8.817632,18.255459
1.080393,-8.828323,18.27998
1.084962,-8.842287,18.30825
1.086856,-8.853503,18.329906
1.088811,-8.866965,18.359318
1.094455,-8.879831,18.391462
1.100828,-8.893443,18.424927
1.101961,-8.911146,18.45689
1.10783,-8.927223,18.485226
1.109265,-8.942488,18.517502
1.113626,-8.955979,18.547585
1.118295,-8.969623,18.572502
1.119467,-8.978638,18.590607
1.124352,-8.993348,18.616611
1.13266,-9.006737,18.645971
1.139172,-9.021842,18.675945
1.139235,-9.035902,18.700821
1.138826,-9.049693,18.725262
1.139373,-9.062371,18.746386
1.142789,-9.073747,18.772827
1.146706,-9.085773,18.802908
1.143909,-9.096622,18.823376
1.144306,-9.105042,18.843372
1.1445,-9.115801,18.869276
1.151845,-9.129076,18.906643
1.154062,-9.139235,18.935932
1.155862,-9.147741,18.96549
1.154316,-9.159542,18.990044
1.154775,-9.171221,19.018202
1.15066,-9.180199,19.041115
1.146957,-9.191477,19.064051
1.151234,-9.20601,19.095114
1.144996,-9.219257,19.110151
1.149639,-9.232937,19.147856
1.150385,-9.24795,19.176481
1.147287,-9.261239,19.1961
1.146847,-9.275146,19.222528
1.148388,-9.290485,19.249214
1.147884,-9.303668,19.27672
1.152101,-9.316947,19.295547
1.151535,-9.328932,19.316736
1.150917,-9.344082,19.346355
1.150536,-9.35674,19.374283
1.145677,-9.375274,19.413
1.145981,-9.38761,19.442282
1.153345,-9.407888,19.491285
1.15544,-9.424141,19.527309
1.161755,-9.438742,19.564163
1.164421,-9.455148,19.596115
1.167935,-9.473781,19.629627
1.17299,-9.488904,19.660467
1.169262,-9.495777,19.672497
1.176337,-9.509272,19.704695
1.187465,-9.527763,19.745022
1.188225,-9.540827,19.76852
1.191205,-9.551306,19.793556
1.192522,-9.5609,19.814316
1.198339,-9.572218,19.840117
1.199616,-9.582391,19.861217
1.194964,-9.59407,19.88201
1.197762,-9.604963,19.9062
1.198849,-9.615566,19.929937
1.194265,-9.627013,19.951374
1.223321,-9.65618,19.99037
1.223175,-9.666399,20.016232
1.226412,-9.677997,20.047224
1.228681,-9.690847,20.077471
1.222995,-9.71269,20.122238
1.223046,-9.723365,20.155773
1.221348,-9.738255,20.179752
1.230521,-9.751942,20.215693
1.223657,-9.762189,20.226658
1.225387,-9.771269,20.248966
1.240894,-9.776721,20.273207
1.244485,-9.786235,20.292702
1.243657,-9.803386,20.320162
1.243673,-9.814866,20.341139
1.24237,-9.83102,20.367067
1.247859,-9.846666,20.39477
1.248075,-9.856677,20.416054
1.246519,-9.875259,20.445782
1.246783,-9.881538,20.46097
1.249058,-9.895322,20.494497
1.253188,-9.910085,20.525576
1.257591,-9.932579,20.583754
1.259189,-9.946908,20.610783
1.264833,-9.961486,20.649288
1.266982,-9.980137,20.685598
1.2678,-9.994331,20.718176
1.270912,-10.009847,20.751047
1.267197,-10.023712,20.768925
1.264511,-10.037365,20.78466
1.269178,-10.050521,20.809441
1.273974,-10.063281,20.847319
1.277601,-10.080193,20.877602
1.275714,-10.089508,20.894138
1.279795,-10.09841,20.915747
1.281152,-10.119871,20.947926
1.284442,-10.130842,20.972469
1.281409,-10.133335,20.982063
1.289034,-10.155697,21.02059
1.290994,-10.16362,21.049038
1.290105,-10.174156,21.06871
1.289028,-10.19253,21.105696
1.29167,-10.202119,21.141983
1.28209,-10.214941,21.157652
1.289242,-10.228041,21.184814
1.287893,-10.241373,21.212004
1.288742,-10.260288,21.239202
1.287719,-10.270047,21.267736
1.291197,-10.286093,21.300108
1.302053,-10.306728,21.336174
1.304487,-10.324034,21.360163
1.30414,-10.338088,21.385023
1.287168,-10.353292,21.397169
1.287265,-10.366505,21.414404
1.291525,-10.373069,21.439886
1.290991,-10.387667,21.462839
1.291276,-10.400715,21.489273
1.291145,-10.414057,21.513477
1.290214,-10.423803,21.540571
1.297117,-10.43941,21.578516
1.287235,-10.45451,21.593027
1.296159,-10.461782,21.626282
1.29482,-10.476024,21.655029
1.296521,-10.488251,21.68759
1.300175,-10.498713,21.719336
1.303666,-10.510148,21.751997
1.30575,-10.52334,21.77858
1.30609,-10.547059,21.818874
1.313163,-10.550116,21.832422
1.310506,-10.559682,21.848902
1.314894,-10.574612,21.877724
1.318836,-10.587568,21.906836
1.327992,-10.597664,21.932974
1.319455,-10.617944,21.95956
1.327708,-10.633199,21.996023
1.330657,-10.644436,22.024242
1.327988,-10.658072,22.046963
1.330781,-10.669601,22.07423
1.331612,-10.680916,22.100563
1.331443,-10.694524,22.129423
1.32899,-10.704503,22.152151
1.330557,-10.716067,22.178291
1.332138,-10.730584,22.212368
1.330162,-10.746541,22.244253
1.333302,-10.759192,22.278059
1.337086,-10.774525,22.31373
1.335454,-10.785456,22.337841
1.339036,-10.801913,22.371742
1.344347,-10.818559,22.402382
1.339026,-10.830913,22.417965
1.336707,-10.842196,22.444803
1.340965,-10.856647,22.475922
1.342528,-10.869658,22.503689
1.337479,-10.879917,22.517263
1.343175,-10.899604,22.551804
1.338496,-10.908203,22.566502
1.338718,-10.92117,22.593521
1.336597,-10.932007,22.61739
1.339315,-10.947206,22.645592
1.343633,-10.958178,22.679533
1.343655,-10.973156,22.708786
1.342621,-10.98686,22.736605
1.345448,-11.002911,22.771801
1.345865,-11.018312,22.806047
1.351842,-11.033276,22.844772
1.351784,-11.054342,22.880245
1.356179,-11.072107,22.917328
1.359565,-11.08561,22.951509
1.361257,-11.100131,22.981863
1.362182,-11.115899,23.010258
1.366318,-11.131117,23.042223
1.369824,-11.14535,23.074873
1.36582,-11.158364,23.095707
1.369191,-11.171543,23.124916
1.368638,-11.184761,23.148067
1.366877,-11.194788,23.169996
1.365297,-11.210606,23.191849
1.368175,-11.221554,23.222778
1.366323,-11.231332,23.24641
1.365925,-11.245937,23.27677
1.365633,-11.261296,23.309069
1.367283,-11.276487,23.342707
1.371434,-11.291062,23.383623
1.372883,-11.308496,23.421192
1.371809,-11.321871,23.448645
1.37184,-11.331399,23.471798
1.37274,-11.344963,23.498022
1.3677,-11.358841,23.514343
1.370701,-11.373476,23.543873
1.369236,-11.394246,23.575459
1.371488,-11.411425,23.606489
1.371248,-11.42783,23.632803
1.373674,-11.443077,23.660938
1.374622,-11.458509,23.68664
1.378058,-11.4728,23.716421
1.378669,-11.486982,23.74535
1.379854,-11.498451,23.771599
1.38319,-11.510197,23.799843
1.380932,-11.52212,23.819897
1.379857,-11.536632,23.848005
1.38493,-11.548194,23.882624
1.38204,-11.562425,23.90609
1.387379,-11.573621,23.93861
1.392954,-11.594844,23.98181
1.395033,-11.605708,24.011312
1.397292,-11.616594,24.035179
1.400954,-11.628702,24.059134
1.402647,-11.638371,24.077543
1.401352,-11.648485,24.09144
1.406353,-11.65845,24.115316
1.412479,-11.671352,24.146784
1.411663,-11.681417,24.163618
1.413571,-11.693874,24.19091
1.417747,-11.70815,24.219707
1.417645,-11.718183,24.240461
1.417323,-11.728202,24.265423
1.421842,-11.741272,24.297001
1.421661,-11.750278,24.322485
1.421119,-11.759665,24.345455
1.418754,-11.769869,24.369148
1.420049,-11.781221,24.399
1.424301,-11.793796,24.435102
1.424268,-11.80735,24.46475
1.430324,-11.821166,24.501392
1.42846,-11.830091,24.528244
1.431492,-11.840959,24.549902
1.43126,-11.861768,24.581686
1.425937,-11.87474,24.601671
1.429102,-11.888639,24.631186
1.43289,-11.902295,24.658728
1.435399,-11.912798,24.680084
1.436379,-11.92882,24.700644
1.437289,-11.937661,24.722792
1.439261,-11.953388,24.744087
1.442323,-11.967368,24.775814
1.445572,-11.983563,24.800859
1.447976,-11.99858,24.831079
1.455636,-12.012445,24.864811
1.452596,-12.034113,24.910799
1.456177,-12.052277,24.941525
1.461015,-12.069639,24.983231
1.47165,-12.08896,25.01823
1.483181,-12.106242,25.060497
1.4815,-12.120529,25.095772
1.490718,-12.134444,25.127916
1.499746,-12.151362,25.162796
1.502047,-12.16868,25.18565
1.499527,-12.177704,25.21632
1.511598,-12.185182,25.236547
1.523979,-12.197362,25.275444
1.517725,-12.210693,25.283268
1.513805,-12.222754,25.289991
1.523273,-12.232897,25.338615
1.523798,-12.240459,25.347368
1.525349,-12.256701,25.377939
1.525859,-12.259315,25.400059
1.534288,-12.277612,25.439095
1.53346,-12.288591,25.465631
1.538628,-12.295982,25.490496
1.536294,-12.304819,25.517
1.531473,-12.312813,25.538059
1.537782,-12.330433,25.565842
1.533527,-12.342151,25.5937
1.543632,-12.350483,25.606026
1.549039,-12.360739,25.623247
1.550488,-12.369176,25.637457
1.542877,-12.378084,25.653984
1.544695,-12.39126,25.674503
1.545675,-12.401528,25.693846
1.554374,-12.405816,25.718628
1.554884,-12.419436,25.738403
1.555676,-12.432386,25.76355
1.554144,-12.448296,25.788603
1.557069,-12.465156,25.817211
1.562617,-12.480786,25.855305
1.562311,-12.497674,25.883736
1.565676,-12.517455,25.91884
1.569105,-12.531006,25.954987
1.562973,-12.549456,25.988644
1.56786,-12.560602,26.026213
1.57637,-12.576508,26.062914
1.592396,-12.591181,26.107611
1.583266,-12.606762,26.138529
1.589008,-12.617771,26.160908
1.593427,-12.629274,26.190031
1.59197,-12.64384,26.212561
1.603541,-12.658843,26.247488
1.606017,-12.673413,26.273758
1.614616,-12.688239,26.302965
1.615594,-12.707006,26.333132
1.618933,-12.720162,26.362648
1.619526,-12.73468,26.389738
1.621121,-12.746242,26.412092
1.621819,-12.757856,26.437046
1.625662,-12.769461,26.464811
1.628302,-12.775288,26.484329
1.626046,-12.782234,26.499653
1.627775,-12.79909,26.529236
1.631964,-12.807984,26.552837
1.631785,-12.827311,26.585144
1.626804,-12.842167,26.605207
1.62365,-12.857112,26.631626
1.623746,-12.862879,26.648325
1.6261,-12.870345,26.669428
1.639232,-12.891089,26.690893
1.634856,-12.902727,26.709213
1.638831,-12.914395,26.73295
1.644526,-12.931217,26.764502
1.639623,-12.939438,26.782804
1.63486,-12.954812,26.797283
1.637458,-12.967217,26.822987
1.641167,-12.980764,26.846062
1.650675,-12.988486,26.876963
1.650849,-13.005643,26.90797
1.656364,-13.020654,26.940943
1.651715,-13.035975,26.970079
1.650019,-13.049578,26.997997
1.649842,-13.068348,27.030945
1.65151,-13.081769,27.064754
1.665501,-13.09916,27.10499
1.669058,-13.115824,27.1418
1.667292,-13.127794,27.170988
1.670346,-13.141261,27.202143
1.681385,-13.164011,27.244398
1.681336,-13.183214,27.276083
1.681713,-13.195993,27.303459
1.689304,-13.2114,27.336884
1.688442,-13.225565,27.366959
1.690616,-13.23741,27.391287
1.695382,-13.249866,27.416737
1.700965,-13.266366,27.447113
1.698681,-13.281193,27.468958
1.701246,-13.29599,27.497553
1.702046,-13.309194,27.534548
1.70356,-13.321554,27.563673
1.70168,-13.333167,27.592474
1.704252,-13.352862,27.626328
1.703299,-13.366338,27.662388
1.701496,-13.380034,27.687515
1.705171,-13.395044,27.723492
1.704282,-13.404491,27.754946
1.710325,-13.413255,27.786814
1.71534,-13.432116,27.818659
1.71053,-13.444428,27.840197
1.709137,-13.454224,27.861599
1.714829,-13.47064,27.894926
1.707171,-13.485291,27.906824
1.704653,-13.494539,27.921762
1.706517,-13.509145,27.948511
1.705172,-13.521787,27.972778
1.70621,-13.53564,27.996346
1.709564,-13.54894,28.032928
1.709063,-13.5634,28.062984
1.708353,-13.580317,28.09141
1.707225,-13.590715,28.117491
1.713703,-13.609236,28.157307
1.715793,-13.623333,28.191244
1.717773,-13.641263,28.2276
1.721084,-13.653196,28.265741
1.722704,-13.67304,28.292349
1.730306,-13.687239,28.329493
1.74055,-13.705345,28.371429
1.747387,-13.723982,28.408152
1.748148,-13.735088,28.428669
1.752466,-13.74684,28.4603
1.759908,-13.76753,28.497505
1.761619,-13.781005,28.518475
1.76531,-13.793676,28.549543
1.76759,-13.806601,28.573856
1.768758,-13.816603,28.593342
1.768492,-13.824526,28.614845
1.762129,-13.833916,28.631229
1.764102,-13.843758,28.654398
1.767204,-13.85652,28.692177
1.769129,-13.868629,28.721958
1.765559,-13.874766,28.735382
1.768647,-13.8903,28.772789
1.767926,-13.898926,28.796448
1.774199,-13.91636,28.834246
1.767993,-13.924249,28.846348
1.770442,-13.936161,28.873272
1.771174,-13.950953,28.899563
1.765456,-13.963715,28.914883
1.765518,-13.97549,28.941475
1.770027,-13.993217,28.97695
1.767136,-14.006333,28.995546
1.764637,-14.015758,29.011845
1.773812,-14.031694,29.051668
1.77335,-14.042831,29.072403
1.771254,-14.05619,29.094332
1.778948,-14.06983,29.135138
1.778257,-14.082018,29.158335
1.783984,-14.096753,29.19664
1.782309,-14.109189,29.222225
1.784389,-14.124013,29.254213
1.788474,-14.13674,29.286987
1.793282,-14.152809,29.320278
1.79429,-14.165563,29.345421
1.798371,-14.178713,29.375601
1.803771,-14.192487,29.405525
1.803925,-14.20321,29.42713
1.810245,-14.215858,29.456106
1.813058,-14.228071,29.482918
1.817121,-14.241832,29.510527
1.818878,-14.254314,29.537327
1.821489,-14.265855,29.561831
1.822443,-14.278747,29.586809
1.825821,-14.287951,29.613192
1.825543,-14.304932,29.638565
1.828729,-14.317416,29.669489
1.827511,-14.330798,29.698664
1.824734,-14.343224,29.719635
1.82807,-14.357369,29.757555
1.824652,-14.369099,29.784187
1.830128,-14.383304,29.8195
1.834059,-14.397528,29.858671
1.83155,-14.407694,29.877838
1.826655,-14.4135,29.889126
1.830219,-14.427439,29.916368
1.832199,-14.442075,29.950462
1.829341,-14.453273,29.967306
1.835542,-14.468864,30.000971
1.840653,-14.481162,30.031157
1.839873,-14.491091,30.051805
1.846686,-14.509594,30.09042
1.849257,-14.521902,30.117384
1.847013,-14.533749,30.13603
1.84655,-14.555885,30.174807
1.845675,-14.569821,30.20541
1.845154,-14.588528,30.234915
1.845813,-14.608078,30.267429
1.845855,-14.622162,30.302029
1.844564,-14.638846,30.336693
1.849195,-14.654622,30.376701
1.860754,-14.676655,30.415855
1.86312,-14.691799,30.450729
1.863581,-14.703315,30.479202
1.869007,-14.718658,30.512072
1.871185,-14.734734,30.54426
1.870566,-14.754076,30.5702
1.877174,-14.777554,30.602549
1.879282,-14.790824,30.629965
1.884522,-14.804207,30.661444
1.884737,-14.822231,30.679239
1.888669,-14.838272,30.707045
1.891188,-14.851814,30.736761
1.897735,-14.86124,30.774712
1.8989,-14.87234,30.799578
1.903291,-14.884048,30.830847
1.902377,-14.897034,30.853054
1.906864,-14.905418,30.887846
1.905304,-14.917529,30.913803
1.912876,-14.93108,30.950743
1.903041,-14.938748,30.956474
1.907909,-14.955207,30.994658
1.911375,-14.967604,31.023893
1.910824,-14.97698,31.048557
1.920085,-14.99273,31.086597
1.913262,-15.002221,31.102633
1.90572,-15.019145,31.127323
1.911588,-15.036244,31.148293
1.913172,-15.051418,31.170341
1.907717,-15.064936,31.182791
1.909727,-15.073331,31.208345
1.912295,-15.083598,31.234598
1.911346,-15.096335,31.258291
1.909015,-15.109709,31.294605
1.911431,-15.120288,31.31263
1.913596,-15.134126,31.347832
1.912589,-15.151894,31.381708
1.914108,-15.166895,31.415445
1.912611,-15.182119,31.447214
1.918569,-15.198045,31.48535
1.923349,-15.218165,31.518766
1.923851,-15.224342,31.539801
1.925446,-15.24463,31.577057
1.932652,-15.257608,31.609623
1.935689,-15.269038,31.636208
1.935586,-15.281878,31.657686
1.933692,-15.294235,31.68708
1.938519,-15.306005,31.713957
1.942787,-15.316175,31.739826
1.948032,-15.325745,31.766291
1.951782,-15.339261,31.787189
1.951063,-15.353608,31.81189
1.957964,-15.364225,31.838894
1.959671,-15.379756,31.875116
1.961037,-15.389215,31.90111
1.962494,-15.400878,31.929724
1.960733,-15.414269,31.957602
1.965117,-15.427544,31.992287
1.963035,-15.438521,32.019852
1.968366,-15.456289,32.056507
1.960153,-15.468027,32.076057
1.960161,-15.477249,32.102051
1.965675,-15.495581,32.131775
1.961201,-15.509528,32.148335
1.961237,-15.52217,32.180019
1.970159,-15.532911,32.200546
1.965935,-15.550532,32.228733
1.970576,-15.562727,32.253788
1.972073,-15.580979,32.292889
1.976571,-15.595596,32.312683
1.973003,-15.608387,32.3353
1.978874,-15.627458,32.377598
1.981075,-15.647997,32.411263
1.975744,-15.658073,32.437447
1.980511,-15.676391,32.47995
1.987519,-15.699598,32.516468
1.987493,-15.711845,32.549416
1.992884,-15.726782,32.581444
1.992764,-15.738894,32.611721
1.990507,-15.748758,32.635738
1.995749,-15.757084,32.663887
1.997454,-15.774425,32.690434
1.997924,-15.7836,32.708675
2.006732,-15.799362,32.742474
2.003946,-15.813066,32.77034
2.007945,-15.833727,32.803558
2.007345,-15.845669,32.829159
2.013745,-15.860441,32.863422
2.007543,-15.872393,32.884315
2.010392,-15.886325,32.909336
2.012785,-15.901018,32.94239
2.011814,-15.913341,32.968906
2.010705,-15.928231,32.999676
2.009434,-15.946651,33.038628
2.010379,-15.96101,33.072159
2.01355,-15.976591,33.111992
2.015512,-15.990955,33.145329
2.019231,-16.011717,33.186394
2.0178,-16.029438,33.216419
2.013523,-16.046333,33.24044
2.016896,-16.058758,33.270927
2.023576,-16.073652,33.303307
2.021806,-16.098972,33.333252
2.024097,-16.114363,33.365799
2.029147,-16.131138,33.400356
2.031782,-16.145214,33.422096
2.026549,-16.15704,33.443256
2.029534,-16.169235,33.471085
2.032328,-16.181759,33.501854
2.034609,-16.19722,33.535728
2.035577,-16.208683,33.562614
2.041154,-16.231821,33.609097
2.035358,-16.247665,33.628323
2.037755,-16.25775,33.658775
2.042111,-16.26758,33.694901
2.037912,-16.294815,33.731197
2.038158,-16.307465,33.75684
2.03335,-16.31801,33.785362
2.045297,-16.328907,33.822983
2.043094,-16.345293,33.848915
2.041188,-16.360065,33.873486
2.043741,-16.374958,33.900307
2.049958,-16.391562,33.935093
2.048628,-16.402714,33.954216
2.054342,-16.416573,33.981808
2.050521,-16.427296,34.005856
2.053526,-16.449697,34.048222
2.055875,-16.461573,34.072952
2.059622,-16.478973,34.101265
2.060473,-16.488749,34.128033
2.060159,-16.499634,34.149719
2.060936,-16.511581,34.177635
2.061518,-16.523991,34.210907
2.060826,-16.536476,34.23999
2.070751,-16.558054,34.293438
2.067402,-16.567072,34.314472
2.0638,-16.573895,34.3307
2.066502,-16.588356,34.355423
2.066873,-16.600647,34.379135
2.061891,-16.612471,34.394291
2.0663,-16.622768,34.421875
2.062954,-16.644672,34.446163
2.06294,-16.653086,34.467064
2.063383,-16.669573,34.493458
2.063559,-16.684526,34.522411
2.066802,-16.698587,34.553108
2.06615,-16.712442,34.585911
2.068692,-16.726929,34.618824
2.061044,-16.737476,34.635353
2.059792,-16.75419,34.666946
2.057998,-16.770947,34.698193
2.059447,-16.783003,34.732838
2.060025,-16.800585,34.768459
2.065786,-16.818754,34.812111
2.060071,-16.831627,34.830498
2.06334,-16.845785,34.862206
2.067216,-16.862501,34.896584
2.069361,-16.878115,34.927738
2.067973,-16.894342,34.95174
2.070974,-16.912979,34.983006
2.070741,-16.932041,35.017666
2.075912,-16.950306,35.048485
2.081157,-16.967459,35.081612
2.08141,-16.984303,35.111076
2.083722,-16.998186,35.1422
2.082559,-17.015303,35.16935
2.08417,-17.037903,35.204857
2.082869,-17.049147,35.240185
2.080924,-17.064249,35.270836
2.080871,-17.084225,35.312141
2.077578,-17.094301,35.338497
2.075781,-17.105839,35.367302
2.08503,-17.14819,35.450085
2.078686,-17.159161,35.47234
2.081526,-17.173079,35.504601
2.085593,-17.190216,35.538704
2.082664,-17.207047,35.555416
2.071062,-17.218575,35.565769
2.081645,-17.240929,35.609859
2.08084,-17.255024,35.641235
2.079582,-17.267292,35.661152
2.080964,-17.287842,35.688671
2.080431,-17.300781,35.715618
2.080804,-17.317165,35.747841
2.076946,-17.335251,35.772751
2.076992,-17.350422,35.803711
2.076572,-17.366009,35.833847
2.07332,-17.377766,35.864655
2.073805,-17.394638,35.897747
2.074912,-17.410675,35.933609
2.074913,-17.428223,35.970116
2.078725,-17.447187,36.015362
2.076881,-17.469486,36.064762
2.08018,-17.478779,36.085621
2.08121,-17.503834,36.123634
2.076151,-17.512594,36.129486
2.090045,-17.525763,36.179867
2.093096,-17.546244,36.202312
2.094654,-17.564535,36.234249
2.101289,-17.578234,36.274197
2.103335,-17.592278,36.304222
2.097744,-17.605154,36.320675
2.097981,-17.61891,36.343639
2.097871,-17.628361,36.366268
2.09446,-17.643894,36.392609
2.092241,-17.65802,36.419586
2.091588,-17.675819,36.452488
2.086527,-17.684479,36.466732
2.086819,-17.698435,36.499153
2.089242,-17.720573,36.543491
2.090102,-17.741308,36.568932
2.088314,-17.751644,36.603176
2.095929,-17.765297,36.62373
2.094008,-17.774185,36.633575
2.090947,-17.785004,36.651505
2.097426,-17.79488,36.670849
2.098872,-17.803043,36.685017
2.086617,-17.805603,36.713795
2.085413,-17.820086,36.732731
2.094731,-17.83322,36.738384
2.090838,-17.83667,36.769459
2.09515,-17.857172,36.805912
2.089572,-17.873205,36.848782
2.09926,-17.897633,36.875648
2.096203,-17.921482,36.913105
2.093025,-17.939329,36.949947
2.092701,-17.95343,36.988209
2.100981,-17.978909,37.03104
2.106694,-17.998535,37.076267
2.100706,-18.011997,37.120663
2.117208,-18.010042,37.137794
2.113007,-18.029732,37.168953
2.113211,-18.050095,37.195747
2.117212,-18.056192,37.219501
2.117047,-18.075825,37.232712
2.126866,-18.08746,37.277607
2.131272,-18.10247,37.301723
2.134092,-18.116039,37.333908
2.132823,-18.126228,37.346004
2.136672,-18.137585,37.3722
2.135567,-18.145864,37.399014
2.144995,-18.151388,37.411617
2.148181,-18.166687,37.459187
2.147126,-18.178663,37.487411
2.156039,-18.192265,37.505604
2.162363,-18.204161,37.538757
2.168416,-18.215544,37.573593
2.159823,-18.231302,37.593365
2.161602,-18.237429,37.620892
2.156715,-18.236427,37.611687
2.166268,-18.26158,37.654465
2.167751,-18.272348,37.674675
2.160301,-18.287376,37.685955
2.172332,-18.296026,37.71751
2.176426,-18.30901,37.740993
2.174935,-18.32424,37.759377
2.176284,-18.334238,37.783531
2.180855,-18.351992,37.810135
2.182839,-18.370382,37.845703
2.189351,-18.388882,37.88903
2.193594,-18.413715,37.936947
2.190856,-18.427002,37.967743
2.194394,-18.447495,38.007111
2.199379,-18.463335,38.049286
2.201895,-18.482845,38.102604
2.204944,-18.499504,38.138752
2.206335,-18.511421,38.172832
2.211768,-18.52026,38.200188
2.212244,-18.534554,38.21991
2.215087,-18.546873,38.245132
2.225701,-18.553257,38.265305
2.23051,-18.563932,38.296761
2.228761,-18.581989,38.330662
2.229262,-18.593813,38.355255
2.233141,-18.602314,38.387154
2.231136,-18.615442,38.407402
2.232978,-18.628914,38.428013
2.24148,-18.651024,38.476425
2.238802,-18.664276,38.496197
2.243322,-18.673819,38.525398
2.237642,-18.681555,38.542442
2.242211,-18.69418,38.567551
2.242429,-18.707672,38.589668
2.240178,-18.720053,38.63641
2.247374,-18.737694,38.675285
2.241375,-18.750452,38.691547
2.241215,-18.751534,38.706207
2.256115,-18.773829,38.757317
2.247866,-18.787998,38.767082
2.249401,-18.798872,38.784985
2.251263,-18.808022,38.815624
2.250703,-18.819569,38.83704
2.252453,-18.832062,38.853859
2.252255,-18.847794,38.877842
2.255031,-18.863621,38.911453
2.257979,-18.874706,38.939438
2.258525,-18.901569,38.980404
2.259062,-18.913916,39.016033
2.262875,-18.930103,39.051262
2.265696,-18.950377,39.085289
2.267873,-18.964926,39.115532
2.265816,-18.978073,39.139938
2.270341,-18.994026,39.180782
2.274464,-19.011684,39.222843
2.272645,-19.019901,39.242493
2.276663,-19.029236,39.264595
2.284904,-19.045403,39.298878
2.282776,-19.059032,39.31982
2.285975,-19.066202,39.343552
2.289286,-19.075764,39.376511
2.291479,-19.088247,39.396782
2.290987,-19.098064,39.415321
2.29376,-19.110493,39.44371
2.29797,-19.124371,39.464325
2.298676,-19.133408,39.48679
2.302989,-19.148518,39.520512
2.303383,-19.161232,39.547405
2.307132,-19.173763,39.582943
2.310667,-19.187506,39.612255
2.309987,-19.198528,39.642521
2.314309,-19.213608,39.67931
2.315127,-19.224739,39.705612
2.322686,-19.23988,39.750996
2.324749,-19.258297,39.781635
2.323571,-19.26881,39.806133
2.324368,-19.283939,39.833214
2.326208,-19.297956,39.857475
2.326095,-19.312733,39.880398
2.33041,-19.326117,39.912422
2.333148,-19.338461,39.931454
2.334294,-19.350981,39.954727
2.33803,-19.363256,39.980545
2.33918,-19.3757,39.997086
2.342986,-19.388014,40.020863
2.345606,-19.402039,40.045624
2.34425,-19.412361,40.069679
2.34647,-19.422699,40.096977
2.350778,-19.434544,40.127392
2.355158,-19.445305,40.16032
2.358838,-19.457912,40.192577
2.364125,-19.472086,40.225716
2.371234,-19.485657,40.266418
2.370189,-19.495775,40.291382
2.373452,-19.507093,40.319778
2.378151,-19.5205,40.343296
2.378033,-19.534859,40.366146
2.383056,-19.545998,40.397423
2.385957,-19.556917,40.420383
2.390052,-19.56992,40.449528
2.395336,-19.581013,40.474079
2.397638,-19.591869,40.496147
2.399878,-19.602358,40.516716
2.401869,-19.614311,40.541512
2.40509,-19.62682,40.563263
2.410081,-19.635412,40.593693
2.411092,-19.644478,40.615696
2.411708,-19.655251,40.640659
2.414948,-19.667309,40.670101
2.414933,-19.679018,40.694626
2.417004,-19.690727,40.726398
2.41943,-19.701771,40.757771
2.418218,-19.71595,40.783054
2.41368,-19.723156,40.801422
2.413254,-19.73822,40.836853
2.416582,-19.746307,40.862972
2.410535,-19.754179,40.868729
2.412146,-19.767248,40.889744
2.413995,-19.781008,40.916515
2.410988,-19.790554,40.929565
2.415956,-19.806772,40.96582
2.418962,-19.821959,40.994244
2.419554,-19.837381,41.020054
2.422588,-19.850441,41.050991
2.419604,-19.862619,41.073753
2.421292,-19.875355,41.105331
2.424215,-19.889336,41.137726
2.424826,-19.902227,41.165211
2.428193,-19.917248,41.199097
2.430101,-19.929399,41.232994
2.43218,-19.94249,41.264225
2.4346,-19.953932,41.298908
2.433353,-19.969637,41.33057
2.437372,-19.981089,41.362862
2.433747,-19.992058,41.367271
2.440625,-20.009277,41.400307
2.445672,-20.022533,41.431576
2.448076,-20.040222,41.460484
2.451,-20.055447,41.485554
2.450904,-20.069168,41.505352
2.454669,-20.085243,41.539047
2.451055,-20.09473,41.550892
2.450434,-20.110191,41.573376
2.452195,-20.120811,41.606106
2.453426,-20.133694,41.635914
2.455318,-20.146936,41.671997
2.445765,-20.158663,41.688427
2.442644,-20.168589,41.714085
2.434808,-20.179573,41.733273
2.433773,-20.192663,41.764587
2.443635,-20.208611,41.80587
2.433248,-20.216782,41.830086
2.428717,-20.224932,41.852074
2.434238,-20.241629,41.882019
2.430942,-20.257486,41.905579
2.420543,-20.263611,41.907143
2.426752,-20.27524,41.934216
2.433517,-20.28417,41.965981
2.43078,-20.29917,41.981899
2.431425,-20.31287,42.008442
2.432688,-20.326731,42.033321
2.432561,-20.338926,42.067188
2.437476,-20.353785,42.100803
2.437868,-20.366791,42.132641
2.439724,-20.382753,42.165096
2.447939,-20.400494,42.208488
2.448267,-20.41716,42.247204
2.451485,-20.430954,42.29314
2.456852,-20.448502,42.335796
2.456147,-20.463558,42.37598
2.454015,-20.475903,42.394794
2.457792,-20.4909,42.422771
2.46227,-20.505167,42.446136
2.466523,-20.518673,42.478127
2.474092,-20.53451,42.515156
2.476638,-20.555595,42.54739
2.478595,-20.571871,42.580887
2.47817,-20.586647,42.609016
2.479546,-20.602081,42.643574
2.474457,-20.615505,42.661377
2.471566,-20.63624,42.6894
2.471133,-20.648771,42.72039
2.468194,-20.659401,42.748333
2.468808,-20.674503,42.775204
2.4719,-20.69211,42.81926
2.468193,-20.709103,42.854626
2.467224,-20.723133,42.886772
2.466626,-20.734695,42.918594
2.464654,-20.743624,42.941601
2.462148,-20.758255,42.96516
2.457479,-20.768085,42.97744
2.453947,-20.785412,42.993469
2.453192,-20.795382,43.01376
2.456266,-20.812765,43.045052
2.460145,-20.825441,43.075291
2.454686,-20.841713,43.097412
2.455003,-20.855682,43.119148
2.457745,-20.879999,43.152004
2.466391,-20.892509,43.19244
2.46968,-20.911797,43.227779
2.469749,-20.930025,43.255505
2.464698,-20.948425,43.280418
2.470176,-20.965807,43.311794
2.464638,-20.98225,43.339489
2.46374,-20.99519,43.368683
2.470936,-21.012272,43.414734
2.471757,-21.028561,43.442162
2.479091,-21.044043,43.481289
2.482334,-21.054298,43.504524
2.490351,-21.073139,43.537422
2.495608,-21.086794,43.560543
2.499856,-21.098251,43.585453
2.499973,-21.109789,43.60321
2.50889,-21.123821,43.638504
2.511116,-21.13662,43.66357
2.512482,-21.147511,43.689678
2.516479,-21.161291,43.716541
2.521875,-21.177052,43.74995
2.521635,-21.191353,43.777283
2.52442,-21.202496,43.811497
2.528775,-21.216898,43.848751
2.527007,-21.231516,43.874863
2.526546,-21.246014,43.907623
2.525291,-21.259457,43.930653
2.525031,-21.272083,43.961239
2.527551,-21.290726,43.999153
2.524289,-21.302959,44.024544
2.525374,-21.319561,44.05608
2.531079,-21.338902,44.09045
2.529294,-21.354591,44.112343
2.527933,-21.36746,44.135345
2.529138,-21.379852,44.160465
2.533846,-21.398878,44.189232
2.523988,-21.406656,44.19389
2.52663,-21.423197,44.220783
2.527324,-21.437984,44.249775
2.528004,-21.449673,44.279636
2.522803,-21.459457,44.294102
2.522932,-21.472113,44.322845
2.520732,-21.485798,44.350475
2.519717,-21.496962,44.379726
2.520968,-21.512207,44.414864
2.522016,-21.52636,44.452843
2.521719,-21.539906,44.489017
2.523094,-21.556551,44.524834
2.522173,-21.5735,44.553001
2.52099,-21.584711,44.579235
2.525453,-21.599491,44.61216
2.52023,-21.611816,44.628826
2.520472,-21.626724,44.658833
2.523137,-21.642046,44.692215
2.523551,-21.656652,44.717976
2.522163,-21.668808,44.739796
2.525938,-21.683758,44.775356
2.523787,-21.697121,44.796867
2.524848,-21.712337,44.826729
2.523867,-21.725063,44.854279
2.529186,-21.739349,44.892773
2.528515,-21.753092,44.92495
2.524438,-21.767588,44.949177
2.524883,-21.782452,44.986301
2.528987,-21.80043,45.029476
2.53059,-21.818489,45.066994
2.534548,-21.842659,45.117199
2.526992,-21.85865,45.140476
2.525936,-21.874245,45.169514
2.532402,-21.89588,45.216801
2.530262,-21.91243,45.243641
2.524124,-21.924726,45.252949
2.522501,-21.939594,45.277893
2.51792,-21.951061,45.290249
2.524614,-21.967577,45.333309
2.520774,-21.98311,45.350605
2.52338,-21.999931,45.378448
2.526891,-22.015522,45.413471
2.529154,-22.030167,45.445183
2.528129,-22.044735,45.472652
2.522484,-22.060247,45.495155
2.527427,-22.075462,45.536018
2.525289,-22.090879,45.566841
2.521624,-22.104939,45.593494
2.523846,-22.121405,45.63179
2.5234,-22.13529,45.662434
2.523893,-22.147528,45.69059
2.524804,-22.158546,45.715557
2.527039,-22.175564,45.746319
2.528341,-22.191143,45.774296
2.527759,-22.203827,45.799713
2.534704,-22.219748,45.836437
2.533344,-22.235718,45.860779
2.532653,-22.251196,45.884789
2.531723,-22.266264,45.911854
2.533834,-22.282787,45.928699
2.532547,-22.293785,45.950714
2.537639,-22.313557,45.990597
2.534548,-22.327682,46.019917
2.539051,-22.34827,46.063683
2.540379,-22.367573,46.101562
2.537053,-22.381969,46.131794
2.537247,-22.396942,46.169033
2.534911,-22.408203,46.194145
2.535095,-22.424229,46.225143
2.538398,-22.440186,46.262691
2.537695,-22.458483,46.29203
2.5396,-22.472149,46.312553
2.533999,-22.484268,46.328812
2.538129,-22.500481,46.363911
2.535472,-22.516439,46.382679
2.531291,-22.535336,46.404724
2.533679,-22.548214,46.43182
2.530375,-22.561115,46.451019
2.526984,-22.568277,46.462898
2.528908,-22.580269,46.49218
2.524292,-22.592091,46.508686
2.52499,-22.604345,46.534508
2.5282,-22.615267,46.566444
2.531564,-22.629774,46.602425
2.528686,-22.641483,46.624203
2.525841,-22.659557,46.650238
2.533672,-22.675686,46.692169
2.534862,-22.691208,46.717323
2.533576,-22.702456,46.748909
2.535674,-22.717865,46.769119
2.540554,-22.729977,46.799652
2.541316,-22.747684,46.822792
2.543994,-22.759121,46.851711
2.548475,-22.774052,46.880428
2.551133,-22.789032,46.902702
2.557158,-22.80481,46.936718
2.553053,-22.819241,46.959534
2.549633,-22.832092,46.97501
2.552187,-22.84086,47.005344
2.552133,-22.854815,47.033504
2.551019,-22.866102,47.059093
2.551268,-22.873077,47.079407
2.554076,-22.886486,47.109322
2.555541,-22.902376,47.13916
2.554458,-22.913658,47.167717
2.556967,-22.927156,47.203972
2.552372,-22.940434,47.223064
2.544734,-22.95237,47.24963
2.553181,-22.975941,47.287167
2.551682,-22.986065,47.314182
2.543116,-22.992146,47.322918
2.547362,-23.005384,47.349007
2.54753,-23.019619,47.378685
2.54484,-23.028894,47.396557
2.549479,-23.047626,47.42421
2.551783,-23.060987,47.439198
2.552044,-23.073137,47.469498
2.552873,-23.086891,47.496342
2.556291,-23.098293,47.521271
2.556056,-23.109957,47.544743
2.552633,-23.13282,47.570312
2.555006,-23.148214,47.606842
2.554671,-23.160486,47.639904
2.553793,-23.176702,47.670994
2.554633,-23.195206,47.702675
2.55514,-23.213184,47.736866
2.551664,-23.223852,47.758503
2.559663,-23.230516,47.793694
2.566254,-23.246916,47.82711
2.56008,-23.260387,47.841118
2.562484,-23.273474,47.868923
2.569075,-23.289604,47.910419
2.571593,-23.30056,47.935398
2.569459,-23.313368,47.956905
2.569683,-23.332794,47.975224
2.568204,-23.343845,47.998596
2.567342,-23.356407,48.015923
2.569382,-23.371998,48.05061
2.56636,-23.38378,48.076504
2.564668,-23.398121,48.104851
2.562714,-23.413574,48.135925
2.559031,-23.429375,48.159775
2.568398,-23.447441,48.203232
2.564558,-23.4636,48.234741
2.562915,-23.478569,48.264656
2.558308,-23.493637,48.29031
2.560223,-23.509726,48.323498
2.551664,-23.522457,48.334927
2.552608,-23.535587,48.36047
2.550858,-23.549419,48.381763
2.552586,-23.567453,48.413479
2.554639,-23.582985,48.444248
2.550901,-23.596676,48.462841
2.553022,-23.614357,48.49152
2.554395,-23.62941,48.524757
2.555893,-23.647324,48.556278
2.555511,-23.661621,48.588032
2.559551,-23.676601,48.621712
2.558981,-23.693008,48.651241
2.558846,-23.707485,48.68251
2.559236,-23.723072,48.717018
2.560605,-23.740002,48.751564
2.564272,-23.760231,48.791714
2.562455,-23.772812,48.817436
2.561769,-23.783207,48.841984
2.566956,-23.796299,48.871178
2.569775,-23.809931,48.898376
2.56769,-23.821972,48.91983
2.573174,-23.834286,48.949169
2.57319,-23.849298,48.979362
2.57101,-23.860868,48.994492
2.576358,-23.875393,49.02877
2.577345,-23.890085,49.056313
2.5742,-23.902208,49.075665
2.571314,-23.918648,49.100731
2.573535,-23.932285,49.131889
2.571484,-23.948439,49.158478
2.573111,-23.966194,49.195667
2.571979,-23.980942,49.225266
2.571325,-24.000772,49.266159
2.570566,-24.017048,49.297085
2.571603,-24.032509,49.328098
2.569669,-24.051208,49.363213
2.563178,-24.067533,49.387413
2.562468,-24.082422,49.414776
2.56443,-24.101368,49.444542
2.562463,-24.122349,49.481617
2.5635,-24.138336,49.510979
2.563681,-24.156666,49.541725
2.565777,-24.172844,49.574951
2.555767,-24.185656,49.573799
2.560707,-24.203861,49.609119
2.558024,-24.218315,49.633312
2.559087,-24.233791,49.6647
2.557884,-24.248802,49.693798
2.555945,-24.262592,49.723724
2.556341,-24.277617,49.753117
2.558169,-24.293882,49.790253
2.557542,-24.311722,49.826965
2.556236,-24.330715,49.860088
2.554913,-24.355379,49.897522
2.558855,-24.374601,49.942627
2.561333,-24.393219,49.984589
2.557638,-24.410652,49.993229
2.561649,-24.431364,50.033539
2.567389,-24.448906,50.072212
2.56706,-24.465855,50.098621
2.568484,-24.481037,50.120277
2.567704,-24.49662,50.146652
2.566818,-24.507843,50.164886
2.566733,-24.520115,50.186077
2.566826,-24.529306,50.203518
2.56668,-24.547596,50.24221
2.562407,-24.557911,50.256012
2.563297,-24.573284,50.287315
2.561173,-24.584639,50.313972
2.55714,-24.60173,50.339577
2.560969,-24.614723,50.384235
2.559967,-24.630219,50.415863
2.560354,-24.646788,50.44968
2.56393,-24.664669,50.493427
2.56606,-24.676367,50.523857
2.564604,-24.69031,50.54908
2.570277,-24.70479,50.580765
2.568238,-24.718931,50.601131
2.565227,-24.732708,50.622704
2.566958,-24.74622,50.649353
2.569237,-24.761553,50.676235
2.569206,-24.777081,50.700104
2.56954,-24.792683,50.724457
2.567579,-24.806992,50.747265
2.571595,-24.82202,50.783798
2.571628,-24.835556,50.812702
2.570768,-24.84967,50.842751
2.570588,-24.863239,50.873795
2.573631,-24.876213,50.911438
2.575742,-24.892389,50.94173
2.581477,-24.911169,50.978867
2.581166,-24.928085,51.017006
2.579683,-24.943602,51.045391
2.579989,-24.960173,51.074314
2.583656,-24.982157,51.111439
2.583046,-24.998692,51.139503
2.587381,-25.011154,51.167175
2.592487,-25.034349,51.202152
2.592077,-25.043148,51.222855
2.596855,-25.046099,51.244686
2.598894,-25.054852,51.23468
2.594805,-25.089378,51.300636
2.598446,-25.096031,51.321026
2.595937,-25.120214,51.358128
2.597574,-25.134737,51.379288
2.594691,-25.141914,51.398544
2.59357,-25.160248,51.444527
2.586334,-25.174953,51.468861
2.585786,-25.179117,51.481876
2.58243,-25.195116,51.504799
2.574282,-25.215115,51.539761
2.584555,-25.204826,51.538952
2.580807,-25.215847,51.556553
2.579509,-25.232208,51.580578
2.570862,-25.245935,51.586933
2.567954,-25.248634,51.599968
2.56466,-25.254902,51.612385
2.555944,-25.273865,51.623894
2.562489,-25.293392,51.646717
2.556192,-25.302048,51.668114
2.553075,-25.311224,51.681244
2.572216,-25.338711,51.744835
2.577692,-25.348804,51.769012
2.578935,-25.356806,51.798851
2.580593,-25.359425,51.810024
2.572129,-25.385178,51.821602
2.578999,-25.399048,51.84856
2.574244,-25.413933,51.876003
2.577618,-25.425898,51.90089
2.581214,-25.438311,51.936436
2.580636,-25.444469,51.972511
2.583111,-25.453716,51.997765
2.584457,-25.469154,52.018539
2.578941,-25.482296,52.0415
2.582642,-25.489094,52.050022
2.591297,-25.513464,52.089756
2.592361,-25.523857,52.119812
2.596537,-25.540916,52.149506
2.589065,-25.569622,52.183372
2.584307,-25.582689,52.20359
2.582299,-25.600025,52.230347
2.588494,-25.605211,52.246384
2.58932,-25.623552,52.291584
2.589667,-25.63456,52.315804
2.585553,-25.648359,52.349957
2.583681,-25.663694,52.382954
2.604765,-25.689096,52.454967
2.603148,-25.708895,52.482971
2.608738,-25.723215,52.523827
2.607856,-25.736427,52.548599
2.605772,-25.753082,52.570412
2.600833,-25.762411,52.566452
2.598157,-25.782398,52.615555
2.599162,-25.800842,52.638199
2.601235,-25.808403,52.669491
2.604589,-25.816391,52.688934
2.606718,-25.832245,52.716763
2.628427,-25.870888,52.784451
2.629463,-25.886383,52.810493
2.628943,-25.899281,52.839443
2.629887,-25.91744,52.871609
2.626042,-25.926323,52.902851
2.636822,-25.949818,52.947239
2.639576,-25.964817,52.980148
2.62536,-25.971275,52.98909
2.646418,-25.997465,53.059612
2.646831,-26.011852,53.093948
2.64447,-26.030102,53.128029
2.645635,-26.047159,53.169048
2.648083,-26.064674,53.200909
2.64544,-26.075329,53.212318
2.646008,-26.088093,53.235909
2.639781,-26.10367,53.259758
2.63839,-26.117409,53.285202
2.65992,-26.143122,53.347118
2.660858,-26.155069,53.372684
2.658941,-26.170891,53.391762
2.648532,-26.183834,53.40345
2.659461,-26.200388,53.450577
2.651125,-26.214823,53.46067
2.652722,-26.225456,53.500065
2.656181,-26.240822,53.534519
2.660557,-26.259333,53.583855
2.649377,-26.271294,53.594814
2.651264,-26.286705,53.634766
2.647087,-26.307444,53.664936
2.645432,-26.31839,53.688122
2.650713,-26.327698,53.719555
2.649532,-26.341909,53.741428
2.643628,-26.3608,53.758205
2.653373,-26.37524,53.807316
2.652028,-26.3932,53.836369
2.647052,-26.413908,53.851501
2.65297,-26.419352,53.87534
2.655065,-26.441492,53.919415
2.657764,-26.455898,53.945259
2.655527,-26.469521,53.974197
2.657924,-26.48386,54.009674
2.659639,-26.495787,54.050953
2.659253,-26.510891,54.078571
2.65371,-26.527271,54.093616
2.657334,-26.543837,54.132362
2.652039,-26.559982,54.158665
2.653238,-26.576492,54.192173
2.65379,-26.598034,54.237263
2.660369,-26.613026,54.280712
2.652384,-26.624008,54.294113
2.662038,-26.645391,54.338013
2.668289,-26.671082,54.380787
2.667009,-26.686081,54.405956
2.668306,-26.703598,54.43536
2.672368,-26.721737,54.471893
2.671946,-26.734983,54.497742
2.671849,-26.755556,54.529644
2.670588,-26.771114,54.559704
2.66963,-26.787447,54.590248
2.669192,-26.803701,54.621361
2.66945,-26.818274,54.659187
2.663597,-26.833481,54.675415
2.666021,-26.849083,54.707024
2.662626,-26.859879,54.746109
2.659544,-26.873062,54.777622
2.658418,-26.886406,54.809128
2.653951,-26.900139,54.83424
2.650258,-26.914017,54.851162
2.649959,-26.931107,54.886509
2.651662,-26.947147,54.920647
2.644763,-26.964172,54.938622
2.645369,-26.980957,54.971321
2.645623,-26.998674,54.999271
2.64062,-27.010881,55.013924
2.640657,-27.025665,55.035248
2.638243,-27.04224,55.054871
2.636941,-27.059198,55.080994
2.639325,-27.074533,55.119698
2.635893,-27.088871,55.131351
2.633138,-27.104372,55.157585
2.634783,-27.123901,55.198547
2.637031,-27.141132,55.240128
2.634735,-27.155678,55.268475
2.637492,-27.172649,55.303551
2.637153,-27.190762,55.336765
2.637345,-27.206417,55.362358
2.639004,-27.224619,55.396065
2.645388,-27.24773,55.44659
2.636973,-27.257622,55.452568
2.639947,-27.270443,55.480492
2.640905,-27.285477,55.507244
2.639703,-27.298134,55.52969
2.644364,-27.310493,55.562145
2.644468,-27.319563,55.582394
2.647396,-27.33499,55.606682
2.647777,-27.3437,55.630623
2.64795,-27.357784,55.652725
2.647237,-27.368328,55.67514
2.645925,-27.379913,55.699524
2.646694,-27.394358,55.723942
2.645989,-27.40583,55.759167
2.645181,-27.420013,55.785316
2.649617,-27.435253,55.811867
2.65113,-27.454144,55.850536
2.649581,-27.470514,55.873341
2.651176,-27.485302,55.903767
2.656914,-27.501411,55.9352
2.657567,-27.517988,55.956913
2.653572,-27.532972,55.970081
2.658099,-27.548023,55.996578
2.660637,-27.565407,56.021706
2.659713,-27.578926,56.040432
2.663985,-27.590952,56.062275
2.662538,-27.603247,56.074608
2.664801,-27.616505,56.10149
2.669655,-27.631174,56.133045
2.665248,-27.643,56.147385
2.671715,-27.652809,56.183044
2.672055,-27.664661,56.210907
2.674348,-27.677589,56.237572
2.673279,-27.691856,56.26469
2.672512,-27.701647,56.290882
2.677182,-27.717617,56.332066
2.676622,-27.736084,56.351288
2.677657,-27.747192,56.375153
2.692263,-27.758606,56.426086
2.690909,-27.771954,56.436749
2.691262,-27.781937,56.455944
2.69825,-27.794146,56.487919
2.701506,-27.807356,56.512043
2.700578,-27.819599,56.529865
2.705375,-27.834801,56.562996
2.707528,-27.847511,56.586422
2.710916,-27.86055,56.616394
2.712718,-27.87216,56.639427
2.720715,-27.882668,56.6759
2.733584,-27.889555,56.709763
2.721088,-27.903492,56.722885
2.72893,-27.91715,56.765743
2.730853,-27.929535,56.787968
2.728234,-27.9412,56.814838
2.735116,-27.961094,56.850842
2.747323,-27.996862,56.926781
2.764615,-28.008608,56.987083
2.765082,-28.016773,57.011044
2.76971,-28.034193,57.021908
2.776507,-28.045582,57.052826
2.778869,-28.057934,57.076778
2.781159,-28.066113,57.101997
2.782808,-28.080727,57.117981
2.784691,-28.096758,57.128563
2.790493,-28.105259,57.157551
2.789421,-28.122551,57.181812
2.787496,-28.130745,57.208218
2.790083,-28.144186,57.23502
2.794064,-28.156849,57.267864
2.792717,-28.171028,57.290295
2.795187,-28.17934,57.326916
2.808756,-28.194239,57.364723
2.81407,-28.211216,57.401157
2.814487,-28.225708,57.435326
2.824492,-28.241068,57.472805
2.825263,-28.251827,57.501068
2.826303,-28.268978,57.511948
2.837516,-28.275703,57.547733
2.83159,-28.288979,57.562698
2.841805,-28.299894,57.598507
2.849939,-28.312157,57.635403
2.852967,-28.32439,57.665066
2.852588,-28.33493,57.681114
2.859093,-28.345924,57.713123
2.858604,-28.358471,57.734375
2.862011,-28.368399,57.752083
2.867858,-28.377645,57.788044
2.864548,-28.388393,57.806232
2.865431,-28.393837,57.825397
2.866607,-28.40239,57.849827
2.872602,-28.414371,57.885933
2.873458,-28.424438,57.911449
2.87348,-28.43416,57.939381
2.876192,-28.444393,57.969059
2.876415,-28.460772,57.997734
2.880165,-28.470968,58.025585
2.898235,-28.485556,58.086933
2.889678,-28.5009,58.099808
2.890903,-28.515568,58.125469
2.894059,-28.532932,58.151577
2.889132,-28.546379,58.162846
2.887427,-28.55711,58.192837
2.899714,-28.571257,58.233009
2.905657,-28.581806,58.267391
2.901549,-28.594181,58.289967
2.902439,-28.611359,58.315502
2.901806,-28.623249,58.333157
2.898469,-28.63353,58.341461
2.908631,-28.650423,58.379665
2.906093,-28.663429,58.406902
2.899552,-28.684715,58.43874
2.902595,-28.687641,58.460575
2.896383,-28.711651,58.481178
2.898894,-28.717562,58.506828
2.913205,-28.724361,58.574337
2.909063,-28.738564,58.583385
2.908512,-28.748608,58.598938
2.914289,-28.766497,58.630493
2.918009,-28.77644,58.657452
2.917162,-28.78653,58.664898
2.922157,-28.799759,58.69936
2.92123,-28.817642,58.721497
2.923122,-28.828856,58.746525
2.930035,-28.838318,58.786968
2.928409,-28.851454,58.80991
2.928096,-28.863255,58.83321
2.928596,-28.873821,58.86459
2.934424,-28.888645,58.902203
2.931369,-28.903301,58.927135
2.936445,-28.917461,58.970058
2.936583,-28.934729,59.004581
2.933677,-28.94252,59.036251
2.93576,-28.965416,59.069901
2.93787,-28.978462,59.108471
2.93117,-28.995152,59.132996
2.933812,-29.006481,59.163979
2.939696,-29.023006,59.202442
2.928422,-29.038876,59.204479
2.931673,-29.053284,59.234169
2.933016,-29.071363,59.266716
2.928926,-29.087376,59.28474
2.967822,-29.117561,59.409557
2.971116,-29.133076,59.440994
2.973333,-29.14642,59.46487
2.973417,-29.161133,59.493675
2.974319,-29.17943,59.522202
2.97446,-29.196144,59.546162
2.975112,-29.209784,59.572792
2.972224,-29.226974,59.600994
2.973623,-29.246223,59.63615
2.973645,-29.262432,59.678978
2.97699,-29.28808,59.723045
2.978101,-29.302994,59.757603
2.976674,-29.316147,59.78651
2.975821,-29.325865,59.801544
2.981232,-29.34675,59.824993
2.982191,-29.362593,59.851192
2.988448,-29.379173,59.885139
2.996039,-29.394463,59.927559
2.998176,-29.413624,59.957119
3.003139,-29.428627,59.986805
3.005784,-29.444519,60.007889
3.007522,-29.457378,60.025841
3.004071,-29.475117,60.054169
3.006863,-29.484835,60.073868
3.005127,-29.508095,60.116489
3.002419,-29.522249,60.138023
3.004282,-29.537298,60.183201
3.004647,-29.552233,60.21067
3.0046,-29.569916,60.245182
3.002927,-29.58215,60.267841
3.002928,-29.599277,60.299393
3.000619,-29.615547,60.330139
2.999803,-29.628662,60.354515
3.002024,-29.642483,60.375359
3.004823,-29.661152,60.407768
3.002573,-29.671556,60.424751
3.003709,-29.693985,60.45784
3.007941,-29.710732,60.488136
3.00767,-29.721733,60.507492
3.013949,-29.734673,60.533218
3.017437,-29.74577,60.558899
3.019752,-29.763107,60.579041
3.022529,-29.781219,60.615494
3.029002,-29.802727,60.660011
3.027324,-29.819767,60.686325
3.032293,-29.832172,60.725666
3.030426,-29.853413,60.759335
3.032047,-29.874655,60.797771
3.037447,-29.895592,60.850159
3.035915,-29.906956,60.874771
3.040009,-29.918997,60.904419
3.046045,-29.922594,60.925949
3.049583,-29.944321,60.967972
3.051275,-29.975967,61.006195
3.059395,-30.006332,61.056965
3.062668,-30.017609,61.075859
3.060989,-30.028067,61.101498
3.069309,-30.047472,61.141415
3.068583,-30.056837,61.154308
3.066584,-30.06702,61.179474
3.067648,-30.082926,61.211189
3.070077,-30.100723,61.237049
3.075882,-30.110302,61.274471
3.076783,-30.124512,61.30209
3.07564,-30.138239,61.331791
3.074867,-30.148264,61.355354
3.075225,-30.163567,61.387466
3.075173,-30.177544,61.420246
3.072001,-30.188665,61.438572
3.074402,-30.204788,61.479187
3.081409,-30.231703,61.535954
3.081779,-30.245272,61.559566
3.085927,-30.264957,61.591812
3.082678,-30.27294,61.608891
3.083836,-30.290432,61.63623
3.086518,-30.311815,61.655621
3.089485,-30.331032,61.687012
3.083041,-30.342169,61.704254
3.082193,-30.358032,61.72826
3.081664,-30.372501,61.755371
3.07972,-30.386446,61.782928
3.076712,-30.400555,61.801838
3.077482,-30.421505,61.838173
3.077869,-30.434025,61.876926
3.076532,-30.452168,61.908642
3.081039,-30.467735,61.954315
3.078194,-30.49123,61.974194
3.077526,-30.504581,62.000374
3.080933,-30.519047,62.029785
3.084045,-30.540979,62.060192
3.084032,-30.557779,62.074944
3.085548,-30.572186,62.107792
3.092264,-30.59009,62.143364
3.094179,-30.607559,62.166435
3.09691,-30.624603,62.203091
3.094578,-30.640018,62.224361
3.098488,-30.653,62.258575
3.090605,-30.665129,62.271481
3.095016,-30.67775,62.300869
3.089224,-30.690208,62.320145
3.083296,-30.703968,62.32262
3.086784,-30.722036,62.382351
3.08386,-30.736473,62.403419
3.081839,-30.75639,62.441235
3.082308,-30.773098,62.469345
3.080736,-30.789839,62.500969
3.08065,-30.812225,62.540108
3.077586,-30.827894,62.569885
3.079168,-30.845594,62.601242
3.080963,-30.86478,62.639942
3.077392,-30.879833,62.653015
3.081545,-30.89452,62.666862
3.082287,-30.906719,62.688305
3.083976,-30.921124,62.71064
3.08681,-30.940147,62.733994
3.083956,-30.954412,62.749611
3.084006,-30.969976,62.778843
3.08409,-30.985031,62.807301
3.080317,-30.998644,62.82658
3.079638,-31.01405,62.85305
3.079717,-31.028654,62.881203
3.075,-31.042778,62.896671
3.068531,-31.052252,62.898777
3.068516,-31.068491,62.934055
3.067432,-31.088615,62.968277
3.065125,-31.102989,62.992783
3.065542,-31.11717,63.0182
3.064611,-31.133621,63.040482
3.064592,-31.148369,63.059505
3.064903,-31.162346,63.085159
3.066769,-31.17881,63.118423
3.06535,-31.19178,63.133007
3.064215,-31.208628,63.151207
3.067848,-31.226902,63.173084
3.068541,-31.239939,63.200089
3.065605,-31.252403,63.214252
3.064926,-31.266481,63.237381
3.066349,-31.278839,63.254501
3.066202,-31.292305,63.289154
3.060831,-31.306915,63.315678
3.062056,-31.319824,63.331566
3.053326,-31.340706,63.371185
3.053524,-31.355793,63.396847
3.054541,-31.375622,63.428429
3.055264,-31.393181,63.458607
3.055593,-31.409897,63.486511
3.053309,-31.425766,63.51609
3.054089,-31.441708,63.545567
3.056887,-31.454956,63.577553
3.055276,-31.468781,63.590553
3.053682,-31.482748,63.605297
3.057499,-31.49823,63.62838
3.051925,-31.503788,63.624527
3.049181,-31.515289,63.636703
3.046524,-31.522194,63.638081
3.041285,-31.535294,63.657543
3.039481,-31.54875,63.675652
3.042201,-31.559217,63.677071
3.039105,-31.571579,63.694794
3.035645,-31.583153,63.71912
3.03291,-31.595901,63.740746
3.03289,-31.614567,63.776001
3.029609,-31.630562,63.798145
3.026049,-31.643417,63.824917
3.027849,-31.66642,63.851223
3.027863,-31.677818,63.885368
3.026266,-31.692402,63.906567
3.028566,-31.711628,63.942371
3.033102,-31.727398,63.973068
3.028416,-31.73485,64.00367
3.029034,-31.740673,64.01815
3.037397,-31.752338,64.027458
3.036278,-31.755527,64.027359
3.032799,-31.758434,64.036385
3.04192,-31.761181,64.051102
3.041003,-31.76981,64.055832
3.030524,-31.774057,64.065804
3.025851,-31.78266,64.06514
3.025277,-31.784073,64.080101
3.02035,-31.787609,64.079628
3.028599,-31.777775,64.072258
3.02739,-31.78056,64.070084
3.022491,-31.787518,64.07534
3.023325,-31.790974,64.072807
3.021919,-31.800621,64.083801
3.018458,-31.810993,64.08564
3.015616,-31.821342,64.093307
3.014422,-31.826073,64.099998
3.014922,-31.840046,64.108719
3.016341,-31.851601,64.119743
3.01558,-31.866817,64.129524
3.014894,-31.879726,64.164154
3.01153,-31.888916,64.168175
3.012063,-31.89085,64.16214
3.011169,-31.910162,64.179306
3.011776,-31.913895,64.175423
3.015521,-31.922081,64.183899
3.014026,-31.932945,64.199921
3.010251,-31.938278,64.212013
3.005711,-31.952377,64.223564
3.012856,-31.962975,64.249374
3.012344,-31.973248,64.258858
3.006556,-31.983278,64.287109
3.009109,-31.990177,64.301575
3.015627,-32.005405,64.330269
3.00975,-32.013649,64.335899
3.003706,-32.025364,64.350883
3.006348,-32.036705,64.371956
